jenis_ikan_nama_latin,jenis_ikan,nama_latin,kode_fao,kelompok_sdi
Abalon - Haliotis Asinina,Abalon,Haliotis Asinina,LIY,binatang lunak
Abalon - Haliotis Diversicolor Squamata,Abalon,Haliotis Diversicolor Squamata,,binatang lunak
Abalon - Haliotis Fulgens,Abalon,Haliotis Fulgens,HRW,binatang lunak
Abalon - Haliotis Iris,Abalon,Haliotis Iris,DZS,binatang lunak
Abalon - Haliotis Laevigata,Abalon,Haliotis Laevigata,UQK,binatang lunak
Abalon - Haliotis Midae,Abalon,Haliotis Midae,ABP,binatang lunak
Abalon - Haliotis Tuberculata,Abalon,Haliotis Tuberculata,HLT,binatang lunak
Abalon - Vivere Haliotis,Abalon,Vivere Haliotis,,binatang lunak
Albakora - Thunnus Alalunga,Albakora,Thunnus Alalunga,ALB,Pelagis Besar
Alu-Alu - Sphyraena Obtusata,Alu-Alu,Sphyraena Obtusata,YRB,Pelagis Kecil
Alu-Alu Besar - Sphyraena Barracuda,Alu-Alu Besar,Sphyraena Barracuda,GBA,Pelagis Kecil
Alu-Alu Gigi Gergaji - Sphyraena Putnamae,Alu-Alu Gigi Gergaji,Sphyraena Putnamae,BAN,Pelagis Kecil
Alu-Alu Jelo - Sphyraena Jello,Alu-Alu Jelo,Sphyraena Jello,BAC,Pelagis Kecil
Alu-Alu Mata Besar - Sphyraena Forsteri,Alu-Alu Mata Besar,Sphyraena Forsteri,YBS,Pelagis Kecil
Alu-Alu Sirip Hitam - Sphyraena Qenie,Alu-Alu Sirip Hitam,Sphyraena Qenie,BAB,Pelagis Kecil
Ambangan - Acropoma Argentistigma,Ambangan,Acropoma Argentistigma,FDC,Demersal
Ambangan Buntet - Beryx Decadactylus,Ambangan Buntet,Beryx Decadactylus,BXD,Demersal
Ambangan Hitam Berduri - Acanthopagrus Pacificus,Ambangan Hitam Berduri,Acanthopagrus Pacificus,,Demersal
Ambangan Merah Bintik Biru - Pagrus Auratus,Ambangan Merah Bintik Biru,Pagrus Auratus,GSU,Demersal
Ambangan Merah Moncong Kuning - Dentex Carpenteri,Ambangan Merah Moncong Kuning,Dentex Carpenteri,,Demersal
Ambangan Merah Punggung Kuning - Dentex Spariformis,Ambangan Merah Punggung Kuning,Dentex Spariformis,,Demersal
Ande Ande - Grammatorcynus Bilineatus,Ande Ande,Grammatorcynus Bilineatus,DBM,Demersal
Anemon Condylactis Gigantea - Condylactis Gigantea,Anemon Condylactis Gigantea,Condylactis Gigantea,,ikan karang
Anemon Entacmea Quadricolor - Entacmaea Quadricolor,Anemon Entacmea Quadricolor,Entacmaea Quadricolor,,ikan karang
Anggur Laut - Caulerpa Webbiana,Anggur Laut,Caulerpa Webbiana,,tumbuhan air lainnya
Angler - Lophius Piscatorius,Angler,Lophius Piscatorius,MON,demersal
Anjer Eye-Bar Goby - Gnatholepis Anjerensis,Anjer Eye-Bar Goby,Gnatholepis Anjerensis,GTC,ikan karang
Anthias - Dactylanthias Aplodactylus,Anthias,Dactylanthias Aplodactylus,,ikan karang
Antoan - Caesio Xanthonota,Antoan,Caesio Xanthonota,IHA,Ikan Karang
Artemia - Artemia Salina,Artemia,Artemia Salina,AMS,binatang berkulit keras
Asin Pakang - Thryssa Kammalensis,Asin Pakang,Thryssa Kammalensis,EYK,Pelagis Kecil
Ayama-Ayam Largescale - Canthidermis Macrolepis,Ayama-Ayam Largescale,Canthidermis Macrolepis,NHR,ikan karang
Ayam-Ayam - Cantheschenia Longipinnis,Ayam-Ayam,Cantheschenia Longipinnis,,demersal
Ayam-Ayam - Canthidermis Sufflamen,Ayam-Ayam,Canthidermis Sufflamen,CZT,ikan karang
Ayam-Ayam - Oligoplites Saurus,Ayam-Ayam,Oligoplites Saurus,OLI,ikan karang
Ayam-Ayam Boomerang - Sufflamen Bursa,Ayam-Ayam Boomerang,Sufflamen Bursa,,ikan karang
Ayam-Ayam Broom - Amanses Scopas,Ayam-Ayam Broom,Amanses Scopas,NSK,ikan karang
Ayam-Ayam Fanbelly - Monacanthus Chinensis,Ayam-Ayam Fanbelly,Monacanthus Chinensis,MNK,ikan karang
Ayam-Ayam Finescale - Balistes Polylepis,Ayam-Ayam Finescale,Balistes Polylepis,BIY,demersal
Ayam-Ayam Greenfin - Thamnaconus Septentrionalis,Ayam-Ayam Greenfin,Thamnaconus Septentrionalis,KSE,demersal
Ayam-Ayam Grey - Balistes Capriscus,Ayam-Ayam Grey,Balistes Capriscus,TRG,ikan karang
Ayam-Ayam Gulf - Paramonacanthus Arabicus,Ayam-Ayam Gulf,Paramonacanthus Arabicus,QZR,demersal
Ayam-Ayam Hairfin - Paramonacanthus Japonicus,Ayam-Ayam Hairfin,Paramonacanthus Japonicus,,ikan karang
Ayam-Ayam Large-Scaled Leather - Cantheschenia Grandisquamis,Ayam-Ayam Large-Scaled Leather,Cantheschenia Grandisquamis,AHQ,ikan karang
Ayam-Ayam Manyspot - Thamnaconus Tesselatus,Ayam-Ayam Manyspot,Thamnaconus Tesselatus,,demersal
Ayam-Ayam Pig Faced Leather Jacket - Paramonacanthus Choirocephalus,Ayam-Ayam Pig Faced Leather Jacket,Paramonacanthus Choirocephalus,QZQ,ikan karang
Ayam-Ayam Pot-Bellied - Pseudomonacanthus Peroni,Ayam-Ayam Pot-Bellied,Pseudomonacanthus Peroni,,ikan karang
Ayam-Ayam Prickly - Chaetodermis Penicilligerus,Ayam-Ayam Prickly,Chaetodermis Penicilligerus,HDE,ikan karang
Ayam-Ayam Radial - Acreichthys Radiatus,Ayam-Ayam Radial,Acreichthys Radiatus,,ikan karang
Ayam-Ayam Red--Tailed - Pervagor Janthinosoma,Ayam-Ayam Red--Tailed,Pervagor Janthinosoma,,ikan karang
Ayam-Ayam Rhinoceros - Pseudaluteres Nasicornis,Ayam-Ayam Rhinoceros,Pseudaluteres Nasicornis,,ikan karang
Ayam-Ayam Spectacled - Cantherhines Fronticinctus,Ayam-Ayam Spectacled,Cantherhines Fronticinctus,,ikan karang
Ayam-Ayam Striped - Xanthichthys Lineopunctatus,Ayam-Ayam Striped,Xanthichthys Lineopunctatus,,ikan karang
Ayam-Ayam Wirenet - Cantherhines Pardalis,Ayam-Ayam Wirenet,Cantherhines Pardalis,,ikan karang
Ayam-Ayam Yellow-Spotted - Pseudobalistes Fuscus,Ayam-Ayam Yellow-Spotted,Pseudobalistes Fuscus,,ikan karang
Ayam-Ayam; Kambing-Kambing - Abalistes Filamentosus,Ayam-Ayam; Kambing-Kambing,Abalistes Filamentosus,DWF,Ikan Karang
Ayam-Ayam; Kambing-Kambing - Acreichthys Tomentosus,Ayam-Ayam; Kambing-Kambing,Acreichthys Tomentosus,,Ikan Karang
Ayam-Ayam; Kambing-Kambing - Balistapus Undulatus,Ayam-Ayam; Kambing-Kambing,Balistapus Undulatus,BID,Ikan Karang
Ayam-Ayam; Kambing-Kambing - Melichthys Niger,Ayam-Ayam; Kambing-Kambing,Melichthys Niger,MEN,Ikan Karang
Ayam-Ayam; Kambing-Kambing - Melichthys Vidua,Ayam-Ayam; Kambing-Kambing,Melichthys Vidua,MWI,Ikan Karang
Ayam-Ayam; Kambing-Kambing - Odonus Niger,Ayam-Ayam; Kambing-Kambing,Odonus Niger,ONI,Ikan Karang
Ayam-Ayam; Kambing-Kambing - Pseudobalistes Flavimarginatus,Ayam-Ayam; Kambing-Kambing,Pseudobalistes Flavimarginatus,UBV,Ikan Karang
Ayam-Ayam; Kambing-Kambing - Rhinecanthus Aculeatus,Ayam-Ayam; Kambing-Kambing,Rhinecanthus Aculeatus,HJC,Ikan Karang
Ayam-Ayam; Kambing-Kambing - Rhinecanthus Rectangulus,Ayam-Ayam; Kambing-Kambing,Rhinecanthus Rectangulus,QYN,Ikan Karang
Ayam-Ayam; Kambing-Kambing - Rhinecanthus Verrucosus,Ayam-Ayam; Kambing-Kambing,Rhinecanthus Verrucosus,QZB,Ikan Karang
Ayu - Plecoglossus Altivelis,Ayu,Plecoglossus Altivelis,PCA,demersal
Badur - Lutjanus Rufolineatus,Badur,Lutjanus Rufolineatus,LUF,Ikan Karang
Bagongan - Drepane Longimana,Bagongan,Drepane Longimana,DRL,Ikan Karang
Baji-Baji Kwee Selar - Seriola Spp,Baji-Baji Kwee Selar,Seriola Spp,AMX,Ikan Karang
Bajing Laut - Bodianus Bilunulatus,Bajing Laut,Bodianus Bilunulatus,IQU,Ikan Karang
Bambu Laut - Isis Hippuris,Bambu Laut,Isis Hippuris,,0
Bandeng Laki - Albula Argentea,Bandeng Laki,Albula Argentea,DGY,demersal
Bandeng Laki - Albula Forsteri,Bandeng Laki,Albula Forsteri,,Pelagis Kecil
Bandeng Laut - Chanos Chanos,Bandeng Laut,Chanos Chanos,MIL,Pelagis Kecil
Bandit Goby - Gladiogobius Ensifer,Bandit Goby,Gladiogobius Ensifer,GLF,ikan karang
Barakuda - Sphyraena Spp,Barakuda,Sphyraena Spp,BAR,Pelagis Kecil
Baramundi - Lates Calcarifer,Baramundi,Lates Calcarifer,GIP,Demersal
Baronang - Siganus Lineatus,Baronang,Siganus Lineatus,IGI,Ikan Karang
Baronang Batik - Siganus Javus,Baronang Batik,Siganus Javus,IGV,Ikan Karang
Baronang Batu - Siganus Punctatus,Baronang Batu,Siganus Punctatus,IGC,Ikan Karang
Baronang Bintik Putih - Siganus Canaliculatus,Baronang Bintik Putih,Siganus Canaliculatus,SCN,Ikan Karang
Baronang Kalung - Siganus Doliatus,Baronang Kalung,Siganus Doliatus,IGD,Ikan Karang
Baronang Koral - Siganus Corallinus,Baronang Koral,Siganus Corallinus,IGR,Ikan Karang
Baronang Kuning - Siganus Virgatus,Baronang Kuning,Siganus Virgatus,IUG,Ikan Karang
Baronang Kunyit - Siganus Puellus,Baronang Kunyit,Siganus Puellus,IGE,Ikan Karang
Baronang Labirin - Siganus Vermiculatus,Baronang Labirin,Siganus Vermiculatus,IUE,Ikan Karang
Baronang Lada - Siganus Stellatus,Baronang Lada,Siganus Stellatus,IUT,ikan karang
Baronang Marbled - Siganus Rivulatus,Baronang Marbled,Siganus Rivulatus,SRI,ikan karang
Baronang Moncong Panjang - Siganus Vulpinus,Baronang Moncong Panjang,Siganus Vulpinus,IUL,Ikan Karang
Baronang Perak - Siganus Argenteus,Baronang Perak,Siganus Argenteus,IGA,Ikan Karang
Baronang Pesek - Siganus Spinus,Baronang Pesek,Siganus Spinus,IUS,Ikan Karang
Baronang Tompel - Siganus Fuscescens,Baronang Tompel,Siganus Fuscescens,IGF,Ikan Karang
Baronang Totol Kuning - Siganus Guttatus,Baronang Totol Kuning,Siganus Guttatus,SGU,Ikan Karang
Barong Batu Kaki - Inimicus Sinensis,Barong Batu Kaki,Inimicus Sinensis,,ikan karang
Barong Katkat Palsu - Ablabys Taenianotus,Barong Katkat Palsu,Ablabys Taenianotus,,ikan karang
Barong Kodok Biasa Kecil - Antennatus Dorehensis,Barong Kodok Biasa Kecil,Antennatus Dorehensis,,ikan karang
Barong Kodok Coklat - Antennarius Pictus,Barong Kodok Coklat,Antennarius Pictus,,ikan karang
Barong Kodok Kuning - Antennarius Hispidus,Barong Kodok Kuning,Antennarius Hispidus,IOV,ikan karang
Barong Kodok Merah Kecil - Antennatus Coccineus,Barong Kodok Merah Kecil,Antennatus Coccineus,,ikan karang
Barong Kodok Putih - Antennarius Maculatus,Barong Kodok Putih,Antennarius Maculatus,,ikan karang
Barong Kodok Strip Asli - Antennarius Striatus,Barong Kodok Strip Asli,Antennarius Striatus,AWL,ikan karang
Barong Lepo Biasa - Halophryne Diemensis,Barong Lepo Biasa,Halophryne Diemensis,BHM,demersal
Barong Lepo Zebra - Batrachomoeus Trispinosus,Barong Lepo Zebra,Batrachomoeus Trispinosus,,ikan karang
Barong Naga Kecil Hitam - Pegasus Volitans,Barong Naga Kecil Hitam,Pegasus Volitans,PGV,demersal
Barong Radiata - Pterois Radiata,Barong Radiata,Pterois Radiata,PZR,ikan karang
Barred Short-Bodied Pipefish - Choeroichthys Cinctus,Barred Short-Bodied Pipefish,Choeroichthys Cinctus,,demersal
Barrel-Sponge Goby - Pleurosicya Labiata,Barrel-Sponge Goby,Pleurosicya Labiata,,demersal
Baslet Multi - Liopropoma Multilineatum,Baslet Multi,Liopropoma Multilineatum,,ikan karang
Basslet Pearl-Spotted Fairy - Selenanthias Analis,Basslet Pearl-Spotted Fairy,Selenanthias Analis,NHN,demersal
Basslet Square-Spot Fairy - Pseudanthias Pleurotaenia,Basslet Square-Spot Fairy,Pseudanthias Pleurotaenia,,ikan karang
Batanta Mud Goby - Acentrogobius Limarius,Batanta Mud Goby,Acentrogobius Limarius,,demersal
Batu Laga - Turbo Marmoratus,Batu Laga,Turbo Marmoratus,UOA,binatang lunak
Baung - Hemibagrus Nemurus,Baung,Hemibagrus Nemurus,MYN,Demersal
Baung Putih - Mystus Nemurus,Baung Putih,Mystus Nemurus,,Ikan Air Tawar
Bawal Hitam - Parastromateus Niger,Bawal Hitam,Parastromateus Niger,POB,Demersal
Bawal Jenggot - Rhinoprenes Pentanemus,Bawal Jenggot,Rhinoprenes Pentanemus,RIT,Demersal
Bawal Lonjong - Taractes Rubescens,Bawal Lonjong,Taractes Rubescens,TCR,Demersal
Bawal Moncong Bulat - Eumegistus Illustris,Bawal Moncong Bulat,Eumegistus Illustris,EBS,Demersal
Bawal Perak - Psenopsis Anomala,Bawal Perak,Psenopsis Anomala,BUP,demersal
Bawal Putih - Pampus Argenteus,Bawal Putih,Pampus Argenteus,SIP,Demersal
Bawal Putih - Stromateus Cinereus,Bawal Putih,Stromateus Cinereus,,Demersal
Bawal Putih Cina - Pampus Chinensis,Bawal Putih Cina,Pampus Chinensis,CPO,Demersal
Bawal Sabit - Taractichthys Steindachneri,Bawal Sabit,Taractichthys Steindachneri,TST,Demersal
Bawal Tongkat - Argyrops Spinifer,Bawal Tongkat,Argyrops Spinifer,KBR,Demersal
Bawal Tongkat Tai - Argyrops Bleekeri,Bawal Tongkat Tai,Argyrops Bleekeri,KBB,Demersal
Bayeman - Bodianus Dictynna,Bayeman,Bodianus Dictynna,,Ikan Karang
Bayeman - Cymolutes Torquatus,Bayeman,Cymolutes Torquatus,,ikan karang
Bayeman - Halichoeres Leucurus,Bayeman,Halichoeres Leucurus,,ikan karang
Bayeman Bintik Jingga - Choerodon Anchorago,Bayeman Bintik Jingga,Choerodon Anchorago,FMU,Ikan Karang
Bayeman; Keling - Anampses Geographicus,Bayeman; Keling,Anampses Geographicus,NAF,Ikan Karang
Bayeman; Keling - Choerodon Schoenleinii,Bayeman; Keling,Choerodon Schoenleinii,ODJ,Ikan Karang
Bekicot - Achatina Fulica,Bekicot,Achatina Fulica,,binatang lunak
Belalang-Paruh Jepun - Lepidotrigla Japonica,Belalang-Paruh Jepun,Lepidotrigla Japonica,,demersal
Belanak - Chelon Subviridis,Belanak,Chelon Subviridis,LZI,Pelagis Kecil
Belanak - Liza Vaigiensis,Belanak,Liza Vaigiensis,,Pelagis Kecil
Belanak - Moolgarda Perusii,Belanak,Moolgarda Perusii,,"laut, payau"
Belanak - Moolgarda Seheli,Belanak,Moolgarda Seheli,,ikan air tawar
Belanak - Planiliza Alata,Belanak,Planiliza Alata,IDY,ikan air tawar
Belanak - Planiliza Subviridis,Belanak,Planiliza Subviridis,LZI,ikan air tawar
Belanak - Valamugil Seheli,Belanak,Valamugil Seheli,VMH,Pelagis Kecil
Belanak - Valamugil Speigleri,Belanak,Valamugil Speigleri,,Pelagis Kecil
Belanak Abu-Abu - Mugil Cephalus,Belanak Abu-Abu,Mugil Cephalus,MUF,Pelagis Kecil
Belanak Bintik Biru - Crenimugil Seheli,Belanak Bintik Biru,Crenimugil Seheli,VMH,Pelagis Kecil
Belanak Ekor Persegi - Ellochelon Vaigiensis,Belanak Ekor Persegi,Ellochelon Vaigiensis,LZV,Pelagis Kecil
Belanak Jebug - Crenimugil Buchanani,Belanak Jebug,Crenimugil Buchanani,,pelagis kecil
Belanak Kadah - Osteomugil Speigleri,Belanak Kadah,Osteomugil Speigleri,VMP,Pelagis Kecil
Belanak Lengan - Osteomugil Cunnesius,Belanak Lengan,Osteomugil Cunnesius,VMC,Pelagis Kecil
Belanak Sipit - Chelon Planiceps,Belanak Sipit,Chelon Planiceps,LZT,Demersal
Belangkas Besar - Tachypleus Gigas,Belangkas Besar,Tachypleus Gigas,,binatang berkulit keras
Belangkas Padi - Carcinoscorpius Rotundicauda,Belangkas Padi,Carcinoscorpius Rotundicauda,BWU,binatang berkulit keras
Belangkas Tigaduri - Tachypleus Tridentatus,Belangkas Tigaduri,Tachypleus Tridentatus,WYP,binatang berkulit keras
Belayaran - Coelorinchus Macrorhynchus,Belayaran,Coelorinchus Macrorhynchus,,Demersal
Belly-Spotted Pygmy-Goby - Eviota Storthynx,Belly-Spotted Pygmy-Goby,Eviota Storthynx,,ikan karang
Beloso - Saurida Longimanus,Beloso,Saurida Longimanus,IEN,Demersal
Beloso - Saurida Macrolepis,Beloso,Saurida Macrolepis,,demersal
Beloso - Synodus Dermatogenys,Beloso,Synodus Dermatogenys,DFZ,ikan karang
Beloso - Synodus Jaculum,Beloso,Synodus Jaculum,DQM,demersal
Beloso - Synodus Macrocephalus,Beloso,Synodus Macrocephalus,,demersal
Beloso - Synodus Variegatus,Beloso,Synodus Variegatus,SYW,Demersal
Beloso Aesi - Saurida Gracilis,Beloso Aesi,Saurida Gracilis,IEM,Demersal
Beloso Bintik Hitam - Saurida Undosquamis,Beloso Bintik Hitam,Saurida Undosquamis,LIB,Demersal
Beloso Buntut Kebo - Saurida Tumbil,Beloso Buntut Kebo,Saurida Tumbil,LIG,Demersal
Belut Moray Besar - Gymnothorax Javanicus,Belut Moray Besar,Gymnothorax Javanicus,KLW,Demersal
Belut Moray Pasific - Gymnothorax Dorsalis,Belut Moray Pasific,Gymnothorax Dorsalis,,Demersal
Berelah - Brama Orcini,Berelah,Brama Orcini,IQV,Demersal
Betok Alpha - Chromis Alpha,Betok Alpha,Chromis Alpha,,ikan karang
Betok Batunas - Amblyglyphidodon Batunai,Betok Batunas,Amblyglyphidodon Batunai,,ikan karang
Betok Blunt Snout Gregory - Stegastes Punctatus,Betok Blunt Snout Gregory,Stegastes Punctatus,,ikan karang
Betok Laut - Abudefduf Bengalensis,Betok Laut,Abudefduf Bengalensis,DWZ,Ikan Karang
Betok Laut - Neopomacentrus Anabatoides,Betok Laut,Neopomacentrus Anabatoides,,ikan karang
Betok Philippines - Chromis Scotochilopterus,Betok Philippines,Chromis Scotochilopterus,,ikan karang
Betok Putih - Dischistodus Perspicillatus,Betok Putih,Dischistodus Perspicillatus,,ikan karang
Betok Putih Strip - Dischistodus Fasciatus,Betok Putih Strip,Dischistodus Fasciatus,,ikan karang
Betok Scaly - Pomacentrus Lepidogenys,Betok Scaly,Pomacentrus Lepidogenys,,ikan karang
Betok Smokey - Chromis Fumea,Betok Smokey,Chromis Fumea,,ikan karang
Betok Smoky - Pomacentrus Littoralis,Betok Smoky,Pomacentrus Littoralis,,ikan karang
Betok Spiny - Acanthochromis Polyacanthus,Betok Spiny,Acanthochromis Polyacanthus,AIL,ikan karang
Betok Threespot - Pomacentrus Tripunctatus,Betok Threespot,Pomacentrus Tripunctatus,QFO,ikan karang
Bia Babi - Cypraea Tigris,Bia Babi,Cypraea Tigris,YRQ,binatang lunak
Biang - Setipinna Tenuifilis,Biang,Setipinna Tenuifilis,ESU,Pelagis Kecil
Big-Toothed Goby - Macrodontogobius Wilburi,Big-Toothed Goby,Macrodontogobius Wilburi,MDW,ikan karang
Biji Nangka - Upeneus Spp,Biji Nangka,Upeneus Spp,GOX,Demersal
Biji Nangka Emas - Parupeneus Cyclostomus,Biji Nangka Emas,Parupeneus Cyclostomus,RPY,Demersal
Biji Nangka Hindia - Parupeneus Indicus,Biji Nangka Hindia,Parupeneus Indicus,RFQ,Demersal
Biji Nangka Karang - Parupeneus Barberinus,Biji Nangka Karang,Parupeneus Barberinus,RFP,Demersal
Biji Nangka Margareta - Upeneus Margarethae,Biji Nangka Margareta,Upeneus Margarethae,,Demersal
Biji Nangka Merah - Parupeneus Heptacanthus,Biji Nangka Merah,Parupeneus Heptacanthus,RQF,Demersal
Biji Nangka Strip Kuning - Upeneus Vittatus,Biji Nangka Strip Kuning,Upeneus Vittatus,UPI,Demersal
Bilis - Herklotsichthys Dispilonotus,Bilis,Herklotsichthys Dispilonotus,HKD,Pelagis Kecil
Black Dotted Sand Perch - Parapercis Millepunctata,Black Dotted Sand Perch,Parapercis Millepunctata,,ikan karang
Black-Banded Goby - Callogobius Clitellus,Black-Banded Goby,Callogobius Clitellus,,ikan karang
Black-Coral Goby - Bryaninops Tigris,Black-Coral Goby,Bryaninops Tigris,,ikan karang
Black-Line Shrimp-Goby - Myersina Nigrivirgata,Black-Line Shrimp-Goby,Myersina Nigrivirgata,,demersal
Black-Mast Shrimp-Goby - Myersina Lachneri,Black-Mast Shrimp-Goby,Myersina Lachneri,MNH,demersal
Blue Lined Squirrelfish - Sargocentron Tiere,Blue Lined Squirrelfish,Sargocentron Tiere,,ikan karang
Blue-Spotted Pipefish - Hippichthys Cyanospilos,Blue-Spotted Pipefish,Hippichthys Cyanospilos,HCY,demersal
Bole - Bolekerang Kulit - Mauritia Maculifera,Bole - Bolekerang Kulit,Mauritia Maculifera,YQM,binatang lunak
Bondol - Eublekeeria Splendens,Bondol,Eublekeeria Splendens,,demersal
Bonito Atlantic - Sarda Sarda,Bonito Atlantic,Sarda Sarda,BON,pelagis besar
Botana - Acanthurus Albipectoralis,Botana,Acanthurus Albipectoralis,,ikan karang
Botana - Acanthurus Grammoptilus,Botana,Acanthurus Grammoptilus,,ikan karang
Botana - Acanthurus Sohal,Botana,Acanthurus Sohal,AVQ,ikan karang
Botana - Naso Hexancanthus,Botana,Naso Hexancanthus,,ikan karang
Botana - Naso Unicornis,Botana,Naso Unicornis,NAS,Ikan Karang
Botana Bintik Mata - Acanthurus Bariene,Botana Bintik Mata,Acanthurus Bariene,AQR,Ikan Karang
Botana Bireun - Acanthurus Bahianus,Botana Bireun,Acanthurus Bahianus,AQB,ikan karang
Botana Coklat - Acanthurus Pyroferus,Botana Coklat,Acanthurus Pyroferus,DZL,Ikan Karang
Botana Hitam - Acanthurus Mata,Botana Hitam,Acanthurus Mata,DGW,Ikan Karang
Botana Kasur - Acanthurus Lineatus,Botana Kasur,Acanthurus Lineatus,AQI,Ikan Karang
Botana Lorek - Acanthurus Xanthopterus,Botana Lorek,Acanthurus Xanthopterus,DZU,Ikan Karang
Botana Strip Mata - Acanthurus Dussumieri,Botana Strip Mata,Acanthurus Dussumieri,,Ikan Karang
Briarium Pipefish - Apterygocampus Epinnulatus,Briarium Pipefish,Apterygocampus Epinnulatus,AYE,demersal
Broad-Banded Pipefish - Dunckerocampus Boylei,Broad-Banded Pipefish,Dunckerocampus Boylei,,demersal
Brock'S Pipefish - Halicampus Brocki,Brock'S Pipefish,Halicampus Brocki,HBK,ikan karang
Bulan-Bulan - Elops Hawaiensis,Bulan-Bulan,Elops Hawaiensis,CEW,Pelagis Besar
Bulan-Bulan - Megalops Cyprinoides,Bulan-Bulan,Megalops Cyprinoides,TAI,Pelagis Besar
Buli Hitam - Monetaria Caputserpentis,Buli Hitam,Monetaria Caputserpentis,YQC,binatang lunak
Bulu Ayam Bangkok - Thryssa Setirostris,Bulu Ayam Bangkok,Thryssa Setirostris,EYT,Pelagis Kecil
Bulu Ayam Cangkang - Thryssa Hamiltonii,Bulu Ayam Cangkang,Thryssa Hamiltonii,EYH,Pelagis Kecil
Bulu Ayam Galeberan - Setipinna Taty,Bulu Ayam Galeberan,Setipinna Taty,ESY,Pelagis Kecil
Bulu Babi - Echinus Esculentus,Bulu Babi,Echinus Esculentus,URS,Binatang Air Lainnya
Buna Emas - Platax Boersii,Buna Emas,Platax Boersii,QQH,Demersal
Bunglon Batik Jepara - Cryptocentrus Leptocephalus,Bunglon Batik Jepara,Cryptocentrus Leptocephalus,,demersal
Bunglon Muralis Jakarta - Valenciennea Muralis,Bunglon Muralis Jakarta,Valenciennea Muralis,,ikan karang
Buntal - Canthigaster Bennetti,Buntal,Canthigaster Bennetti,,ikan karang
Buntal - Canthigaster Tyleri,Buntal,Canthigaster Tyleri,,ikan karang
Buntal - Lagocephalus Inermis,Buntal,Lagocephalus Inermis,KZQ,ikan karang
Buntal - Tylerius Spinosissimus,Buntal,Tylerius Spinosissimus,YLS,ikan karang
Buntal Babi Strip - Arothron Manilensis,Buntal Babi Strip,Arothron Manilensis,,ikan karang
Buntal Bar Cheeked - Torquigener Hypselogeneion,Buntal Bar Cheeked,Torquigener Hypselogeneion,QFB,demersal
Buntal Compressed - Canthigaster Compressa,Buntal Compressed,Canthigaster Compressa,,demersal
Buntal Dongak - Amblyrhynchotes Honckenii,Buntal Dongak,Amblyrhynchotes Honckenii,,demersal
Buntal Duri Panjang - Diodon Holocanthus,Buntal Duri Panjang,Diodon Holocanthus,DHO,Ikan Karang
Buntal Fahaka - Tetraodon Lineatus,Buntal Fahaka,Tetraodon Lineatus,,ikan karang
Buntal Japanese - Takifugu Rubripes,Buntal Japanese,Takifugu Rubripes,TXK,demersal
Buntal Karang - Chilomycterus Reticulatus,Buntal Karang,Chilomycterus Reticulatus,HKA,Ikan Karang
Buntal Leopard - Canthigaster Leoparda,Buntal Leopard,Canthigaster Leoparda,,demersal
Buntal Pelagic - Diodon Eydouxii,Buntal Pelagic,Diodon Eydouxii,,demersal
Buntal Sirip Bintik - Diodon Hystrix,Buntal Sirip Bintik,Diodon Hystrix,DIY,Ikan Karang
Cacing Pasir Coklat - Bispira Trisyclia,Cacing Pasir Coklat,Bispira Trisyclia,,ikan karang
Cakalang - Katsuwonus Pelamis,Cakalang,Katsuwonus Pelamis,SKJ,Pelagis Besar
Capelin - Spirinchus Lanceolatus,Capelin,Spirinchus Lanceolatus,,demersal
Capungan Banggai - Pterapogon Kauderni,Capungan Banggai,Pterapogon Kauderni,TGK,Ikan Karang
Celebes Threadfin Bream - Nemipterus Celebicus,Celebes Threadfin Bream,Nemipterus Celebicus,NNC,demersal
Cendro - Belonidae,Cendro,Belonidae,BEN,Pelagis Kecil
Cendro - Lestrolepis Japonica,Cendro,Lestrolepis Japonica,,Pelagis Kecil
Cendro Caroang - Tylosurus Crocodilus,Cendro Caroang,Tylosurus Crocodilus,BTS,Pelagis Kecil
Cendro Karang - Strongylura Incisa,Cendro Karang,Strongylura Incisa,RZF,Pelagis Kecil
Cendro Lengkung - Tylosurus Acus,Cendro Lengkung,Tylosurus Acus,AND,Pelagis Kecil
Cendro Sirip Kuning - Strongylura Leiurus,Cendro Sirip Kuning,Strongylura Leiurus,SYQ,Pelagis Kecil
Cipa-Cipa - Atropus Atropos,Cipa-Cipa,Atropus Atropos,TUP,Pelagis Kecil
Clearfin Squirrelfish - Neoniphon Argenteus,Clearfin Squirrelfish,Neoniphon Argenteus,HNA,ikan karang
Cobia - Rachycentron Canadum,Cobia,Rachycentron Canadum,CBA,Pelagis Kecil
Cod Antarctic - Dissostichus Mawsoni,Cod Antarctic,Dissostichus Mawsoni,TOA,demersal
Coklatan - Scolopsis Taenioptera,Coklatan,Scolopsis Taenioptera,NSE,Ikan Karang
Common Paper Nautilus - Argonauta Argo,Common Paper Nautilus,Argonauta Argo,GGQ,ikan karang
Corrugated Pipefish - Bhanotia Fasciolata,Corrugated Pipefish,Bhanotia Fasciolata,BHT,demersal
Cumi Bantolan - Sepioteuthis Lessoniana,Cumi Bantolan,Sepioteuthis Lessoniana,UHL,Demersal
Cumi Jarum - Uroteuthis Edulis,Cumi Jarum,Uroteuthis Edulis,OJE,Binatang Lunak
Cumi Karet - Sthenoteuthis Oualaniensis,Cumi Karet,Sthenoteuthis Oualaniensis,YMO,Demersal
Cumi Tabung - Uroteuthis Duvaucelii,Cumi Tabung,Uroteuthis Duvaucelii,OJD,Binatang Lunak
Cumi-Cumi - Alloteuthis Subulata,Cumi-Cumi,Alloteuthis Subulata,OUL,binatang lunak
Cumi-Cumi - Doryteuthis Pealeii,Cumi-Cumi,Doryteuthis Pealeii,SQL,binatang lunak
Cumi-Cumi - Illex Argentinus,Cumi-Cumi,Illex Argentinus,SQA,binatang lunak
Cumi-Cumi - Loligo Chinensis,Cumi-Cumi,Loligo Chinensis,OJH,Binatang Lunak
Cumi-Cumi - Loligo Duvauceli,Cumi-Cumi,Loligo Duvauceli,,Binatang Lunak
Cumi-Cumi - Loligo Edulis,Cumi-Cumi,Loligo Edulis,,Binatang Lunak
Cumi-Cumi - Loligo Spp,Cumi-Cumi,Loligo Spp,SQC,Binatang Lunak
Cumi-Cumi - Loligo Vulgaris,Cumi-Cumi,Loligo Vulgaris,SQR,Binatang Lunak
Cumi-Cumi - Photololigo Chinensis,Cumi-Cumi,Photololigo Chinensis,,binatang lunak
Cumi-Cumi - Photololigo Duvauceli,Cumi-Cumi,Photololigo Duvauceli,,binatang lunak
Cumi-Cumi - Photololigo Edulis,Cumi-Cumi,Photololigo Edulis,,binatang lunak
Cumi-Cumi - Sephiatheotus Sephiana,Cumi-Cumi,Sephiatheotus Sephiana,,binatang lunak
Cumi-Cumi - Uroteuthis Chinensis,Cumi-Cumi,Uroteuthis Chinensis,OJH,Binatang Lunak
Cupang-Cupang - Triacanthus Nieuhofii,Cupang-Cupang,Triacanthus Nieuhofii,,demersal
Curutan - Scolopsis Affinis,Curutan,Scolopsis Affinis,RVL,Ikan Karang
Dayung Putih - Acipenser Transmontanus,Dayung Putih,Acipenser Transmontanus,APN,demersal
Dayung Starry - Acipenser Stellatus,Dayung Starry,Acipenser Stellatus,APE,demersal
Deep-Water Frogfish - Nudiantennarius Subteres,Deep-Water Frogfish,Nudiantennarius Subteres,NUS,demersal
Delicate Ghostpipefish - Solenostomus Leptosoma,Delicate Ghostpipefish,Solenostomus Leptosoma,,ikan karang
Dentata - Porcostoma Dentata,Dentata,Porcostoma Dentata,,ikan karang
Double-Ended Pipefish - Trachyrhamphus Bicoarctatus,Double-Ended Pipefish,Trachyrhamphus Bicoarctatus,TYF,ikan karang
Doublespot Grubfish - Parapercis Diplospilus,Doublespot Grubfish,Parapercis Diplospilus,,demersal
Dugong - Dugong Dugon,Dugong,Dugong Dugon,DUG,binatang air lainnya
Duncker'S Pipefish - Halicampus Dunckeri,Duncker'S Pipefish,Halicampus Dunckeri,,ikan karang
Eight-Spine Cardinalfish - Neamia Octospina,Eight-Spine Cardinalfish,Neamia Octospina,NMT,ikan karang
Ekor Kuning - Caesio Cuning,Ekor Kuning,Caesio Cuning,CJU,Ikan Karang
Ekor Kuning - Paracaesio Brevidentata,Ekor Kuning,Paracaesio Brevidentata,QNE,Ikan Karang
Ekor Kuning Biru-Kuning - Caesio Teres,Ekor Kuning Biru-Kuning,Caesio Teres,IFK,Ikan Karang
Ekor Kuning Bulan - Caesio Lunaris,Ekor Kuning Bulan,Caesio Lunaris,CJZ,Ikan Karang
Emperor Thumbprint - Lethrinus Harak,Emperor Thumbprint,Lethrinus Harak,LTK,Demersal
False Ear-Spot Cardinalfish - Ostorhinchus Jenkinsi,False Ear-Spot Cardinalfish,Ostorhinchus Jenkinsi,,ikan karang
Few-Rayed Pipefish - Bhanotia Pauciradiata,Few-Rayed Pipefish,Bhanotia Pauciradiata,,ikan karang
Flag-Fin Cardinalfish - Ostorhinchus Hoevenii,Flag-Fin Cardinalfish,Ostorhinchus Hoevenii,,ikan karang
Flathead - Inegocia Harrisii,Flathead,Inegocia Harrisii,,demersal
Flathead - Inegocia Japonica,Flathead,Inegocia Japonica,IGJ,demersal
Flathead - Inegocia Ochiaii,Flathead,Inegocia Ochiaii,,demersal
Flathead - Sunagocia Arenicola,Flathead,Sunagocia Arenicola,TAN,ikan karang
Flathead - Sunagocia Carbunculus,Flathead,Sunagocia Carbunculus,,demersal
Flathead - Sunagocia Otaitensis,Flathead,Sunagocia Otaitensis,,ikan karang
Flores Cardinalfish - Apogonichthys Perdix,Flores Cardinalfish,Apogonichthys Perdix,OGX,ikan karang
Frail Cardinalfish - Cercamia Cladara,Frail Cardinalfish,Cercamia Cladara,,ikan karang
Gabing Kuning - Vomerogobius Flavus,Gabing Kuning,Vomerogobius Flavus,,demersal
Gabus - Channa Striata,Gabus,Channa Striata,FSS,Demersal
Galuh - Cubiceps Pauciradiatus,Galuh,Cubiceps Pauciradiatus,UBU,demersal
Galuh Botol Biru - Nomeus Gronovii,Galuh Botol Biru,Nomeus Gronovii,NMG,demersal
Galuh Dusky - Psenes Arafurensis,Galuh Dusky,Psenes Arafurensis,,demersal
Galuh Freckled - Psenes Cyanophrys,Galuh Freckled,Psenes Cyanophrys,PSC,demersal
Galuh Marmoyo - Ariomma Indica,Galuh Marmoyo,Ariomma Indica,DRI,Demersal
Galuh Putih - Ariomma Brevimanum,Galuh Putih,Ariomma Brevimanum,,Pelagis Kecil
Galuh Putih - Psenes Pellucidus,Galuh Putih,Psenes Pellucidus,,demersal
Galuh Setan - Cubiceps Whiteleggii,Galuh Setan,Cubiceps Whiteleggii,UJI,demersal
Gandu - Ephippus Orbis,Gandu,Ephippus Orbis,HUO,Ikan Karang
Gebel - Platax Orbicularis,Gebel,Platax Orbicularis,LXR,Pelagis Kecil
Gendang Batu - Proteracanthus Sarissophorus,Gendang Batu,Proteracanthus Sarissophorus,TUF,ikan karang
Gerot-Gerot - Pomadasys Andamanensis,Gerot-Gerot,Pomadasys Andamanensis,,Ikan Karang
Gerot-Gerot - Pomadasys Argenteus,Gerot-Gerot,Pomadasys Argenteus,GRL,Ikan Karang
Gerot-Gerot - Pomadasys Kaakan,Gerot-Gerot,Pomadasys Kaakan,KAH,demersal
Gerot-Gerot - Pomadasys Maculatus,Gerot-Gerot,Pomadasys Maculatus,PKL,Demersal
Gerot-Gerot Silver - Pomadasys Argyreus,Gerot-Gerot Silver,Pomadasys Argyreus,QCZ,Ikan Karang
Gindara - Cubiceps Capensis,Gindara,Cubiceps Capensis,UBP,Demersal
Gindara Escolar - Lepidocybium Flavobrunneum,Gindara Escolar,Lepidocybium Flavobrunneum,LEC,Demersal
Gindara Setan - Ruvettus Pretiosus,Gindara Setan,Ruvettus Pretiosus,OIL,Pelagis Besar
Girdled Cardinalfish - Taeniamia Zosterophora,Girdled Cardinalfish,Taeniamia Zosterophora,RMZ,ikan karang
Giru Pasir Biasa - Amphiprion Clarkii,Giru Pasir Biasa,Amphiprion Clarkii,FAP,Ikan Karang
Glittering Pipefish - Halicampus Nitidus,Glittering Pipefish,Halicampus Nitidus,,ikan karang
Gobi Blue-Speckled Prawn - Cryptocentrus Octofasciatus,Gobi Blue-Speckled Prawn,Cryptocentrus Octofasciatus,,demersal
Gobi Boddart'S Goggle-Eyed - Boleophthalmus Boddarti,Gobi Boddart'S Goggle-Eyed,Boleophthalmus Boddarti,,demersal
Gobi Celebes - Glossogobius Celebius,Gobi Celebes,Glossogobius Celebius,,demersal
Gobi Common Fuse - Fusigobius Neophytus,Gobi Common Fuse,Fusigobius Neophytus,,demersal
Gobi Dusky Mountain - Glossogobius Brunnoides,Gobi Dusky Mountain,Glossogobius Brunnoides,,demersal
Gobi Eye-Line Sand - Istigobius Diadema,Gobi Eye-Line Sand,Istigobius Diadema,,demersal
Gobi Hoese'S Silhoutte - Silhouettea Hoesei,Gobi Hoese'S Silhoutte,Silhouettea Hoesei,,demersal
Gobi Isthmus - Arcygobius Baliurus,Gobi Isthmus,Arcygobius Baliurus,OUT,demersal
Gobi Mangrove - Amoya Gracilis,Gobi Mangrove,Amoya Gracilis,,ikan karang
Gobi Patch Work - Gobiopsis Bravoi,Gobi Patch Work,Gobiopsis Bravoi,,ikan karang
Gobi Scalynape Tentacle - Oxyurichthys Auchenolepis,Gobi Scalynape Tentacle,Oxyurichthys Auchenolepis,,demersal
Gobi Schooling - Parioglossus Formosus,Gobi Schooling,Parioglossus Formosus,,ikan karang
Gobi Sharptail - Oligolepis Acutipennis,Gobi Sharptail,Oligolepis Acutipennis,OGU,demersal
Gobi Silhoutte - Silhouettea Insinuans,Gobi Silhoutte,Silhouettea Insinuans,,demersal
Gobi Sleepy - Psammogobius Biocellatus,Gobi Sleepy,Psammogobius Biocellatus,GBI,demersal
Gobi Spotfin Shrimp - Ctenogobiops Pomastictus,Gobi Spotfin Shrimp,Ctenogobiops Pomastictus,,ikan karang
Gobi Taileye - Parachaeturichthys Polynema,Gobi Taileye,Parachaeturichthys Polynema,URY,demersal
Gobi Two Spot Fuse - Fusigobius Duospilus,Gobi Two Spot Fuse,Fusigobius Duospilus,FUD,ikan karang
Gobi Yellow Spot - Gnatholepis Cauerensis,Gobi Yellow Spot,Gnatholepis Cauerensis,,demersal
Golok-Golok - Chirocentrus Dorab,Golok-Golok,Chirocentrus Dorab,DOB,Pelagis Kecil
Golok-Golok Sirip Putih - Chirocentrus Nudus,Golok-Golok Sirip Putih,Chirocentrus Nudus,CNU,Pelagis Kecil
Gontor - Ariomma Indicum,Gontor,Ariomma Indicum,,Demersal
Grandang Abu-Abu - Kyphosus Cinerascens,Grandang Abu-Abu,Kyphosus Cinerascens,KYC,Ikan Karang
Grandang Kuningan - Kyphosus Vaigiensis,Grandang Kuningan,Kyphosus Vaigiensis,KYV,Demersal
Gray'S Pipefish - Halicampus Grayi,Gray'S Pipefish,Halicampus Grayi,,ikan karang
Guam Cardinalfish - Nectamia Fusca,Guam Cardinalfish,Nectamia Fusca,,ikan karang
Guitarfish - Glaucostegus Cemiculus,Guitarfish,Glaucostegus Cemiculus,RBC,demersal
Guitarfish - Rhinobatos Albomaculatus,Guitarfish,Rhinobatos Albomaculatus,GUB,demersal
Guitarfish - Rhinobatos Cemiculus,Guitarfish,Rhinobatos Cemiculus,,demersal
Gulama Kepala Batu - Johnius Trachycephalus,Gulama Kepala Batu,Johnius Trachycephalus,JOT,Demersal
Gulama Soldado - Nibea Soldado,Gulama Soldado,Nibea Soldado,NDK,Demersal
Gulamah - Atrobucca Nibe,Gulamah,Atrobucca Nibe,CRL,demersal
Gulamah - Johnius Macropterus,Gulamah,Johnius Macropterus,,Demersal
Gulamah - Otolithoides Pama,Gulamah,Otolithoides Pama,OTD,demersal
Gulamah - Pennahia Argentata,Gulamah,Pennahia Argentata,CRV,Demersal
Gulamah Amoy - Argyrosomus Amoyensis,Gulamah Amoy,Argyrosomus Amoyensis,RYY,Demersal
Gulamah Anea - Pennahia Anea,Gulamah Anea,Pennahia Anea,NHK,Demersal
Gulamah Bintik Hitam - Protonibea Diacanthus,Gulamah Bintik Hitam,Protonibea Diacanthus,OTI,Demersal
Gulamah Giligan - Panna Microdon,Gulamah Giligan,Panna Microdon,NAM,Demersal
Gulamah Jarang Gigi - Otolithes Ruber,Gulamah Jarang Gigi,Otolithes Ruber,LKR,Demersal
Gulamah Jepang - Argyrosomus Japonicus,Gulamah Jepang,Argyrosomus Japonicus,RYJ,Demersal
Gulamah Kuning - Larimichthys Crocea,Gulamah Kuning,Larimichthys Crocea,LYC,demersal
Gulamah Papan - Chrysochir Aureus,Gulamah Papan,Chrysochir Aureus,HRR,Demersal
Gulamah Sirip Pendek - Atrobucca Brevis,Gulamah Sirip Pendek,Atrobucca Brevis,,Demersal
Gurita - Cistopus Indicus,Gurita,Cistopus Indicus,KTI,Binatang Lunak
Gurita - Octopus Aegina,Gurita,Octopus Aegina,OUJ,Binatang Lunak
Gurita - Octopus Membranaceus,Gurita,Octopus Membranaceus,,Binatang Lunak
Gurita - Octopus Spp,Gurita,Octopus Spp,OCZ,Binatang Lunak
Gurita - Octopus Vulgaris,Gurita,Octopus Vulgaris,OCC,Binatang Lunak
Gurita Batu - Octopus Cyanea,Gurita Batu,Octopus Cyanea,OQC,Binatang Lunak
Gurita Biru - Octopus Cyaneus,Gurita Biru,Octopus Cyaneus,,binatang lunak
Gurita Kerdil - Amphioctopus Aegina,Gurita Kerdil,Amphioctopus Aegina,OUJ,Binatang Lunak
Gurita Mata Empat - Amphioctopus Membranaceus,Gurita Mata Empat,Amphioctopus Membranaceus,OQR,Binatang Lunak
Gurnard Starry Flying - Dactyloptena Peterseni,Gurnard Starry Flying,Dactyloptena Peterseni,,demersal
Hake - Merluccius Merluccius,Hake,Merluccius Merluccius,HKE,demersal
Halibut - Reinhardtius Hippoglossoides,Halibut,Reinhardtius Hippoglossoides,GHL,demersal
Halibut Pasifik - Hippoglossus Stenolepis,Halibut Pasifik,Hippoglossus Stenolepis,HAP,demersal
Harlequin Sandperch - Parapercis Maculata,Harlequin Sandperch,Parapercis Maculata,,ikan karang
Hayashi'S Cardinalfish - Pseudamia Hayashii,Hayashi'S Cardinalfish,Pseudamia Hayashii,,ikan karang
Hiu - Carcharhinus Spp,Hiu,Carcharhinus Spp,CWZ,Demersal
Hiu - Chimaera Argiloba,Hiu,Chimaera Argiloba,,pelagis besar
Hiu - Isistius Brasiliensis,Hiu,Isistius Brasiliensis,ISB,pelagis besar
Hiu - Nasolamia Velox,Hiu,Nasolamia Velox,CNX,pelagis besar
Hiu Air - Scoliodon Laticaudus,Hiu Air,Scoliodon Laticaudus,SLA,Pelagis Besar
Hiu Anjing - Carcharias Taurus,Hiu Anjing,Carcharias Taurus,CCT,pelagis besar
Hiu Anjing - Odontaspis Ferox,Hiu Anjing,Odontaspis Ferox,LOO,pelagis besar
Hiu Bekeman - Carcharhinus Leucas,Hiu Bekeman,Carcharhinus Leucas,CCE,Demersal
Hiu Berbintik - Orectolobus Maculatus,Hiu Berbintik,Orectolobus Maculatus,ORT,pelagis besar
Hiu Beurit - Nebrius Ferrugineus,Hiu Beurit,Nebrius Ferrugineus,ORZ,Pelagis Besar
Hiu Bongol - Chiloscyllium Indicum,Hiu Bongol,Chiloscyllium Indicum,ORI,pelagis besar
Hiu Bongol Bintik Putih - Chiloscyllium Plagiosum,Hiu Bongol Bintik Putih,Chiloscyllium Plagiosum,ORH,Pelagis Besar
Hiu Bongol Garis Coklat - Chiloscyllium Punctatum,Hiu Bongol Garis Coklat,Chiloscyllium Punctatum,ORB,Pelagis Besar
Hiu Botol - Centrophorus Atromarginatus,Hiu Botol,Centrophorus Atromarginatus,GVA,pelagis besar
Hiu Botol - Centrophorus Cf Lusitanicus,Hiu Botol,Centrophorus Cf Lusitanicus,,pelagis besar
Hiu Botol - Centrophorus Isodon,Hiu Botol,Centrophorus Isodon,GVI,pelagis besar
Hiu Botol - Centrophorus Niaukang,Hiu Botol,Centrophorus Niaukang,,pelagis besar
Hiu Botol - Centroscymnus Crepidater,Hiu Botol,Centroscymnus Crepidater,CYP,Pelagis Besar
Hiu Botol - Centroselachus Crepidater,Hiu Botol,Centroselachus Crepidater,CYP,Pelagis Besar
Hiu Botol - Squalus Mitsukurii,Hiu Botol,Squalus Mitsukurii,QUK,Pelagis Besar
Hiu Botol - Zameus Squamulosus,Hiu Botol,Zameus Squamulosus,SSQ,pelagis besar
Hiu Botol Danten - Centrophorus Moluccensis,Hiu Botol Danten,Centrophorus Moluccensis,CEM,Pelagis Besar
Hiu Botol Karang - Centrophorus Squamosus,Hiu Botol Karang,Centrophorus Squamosus,GUQ,Pelagis Besar
Hiu Botol Monyong - Deania Calcea,Hiu Botol Monyong,Deania Calcea,DCA,Pelagis Besar
Hiu Botol Monyong - Deania Cf Calcea,Hiu Botol Monyong,Deania Cf Calcea,,pelagis besar
Hiu Buaya - Pseudocarcharias Kamoharai,Hiu Buaya,Pseudocarcharias Kamoharai,PSK,Pelagis Besar
Hiu Bujit - Lamiopsis Temminckii,Hiu Bujit,Lamiopsis Temminckii,LMT,pelagis besar
Hiu Cermin - Glaucostegus Typus,Hiu Cermin,Glaucostegus Typus,RBQ,demersal
Hiu Gergaji - Pristis Microdon,Hiu Gergaji,Pristis Microdon,RPM,Pelagis Besar
Hiu Gergaji - Pristopsis Microdon,Hiu Gergaji,Pristopsis Microdon,RPM,Pelagis Besar
Hiu Jepang - Orectolobus Japonicus,Hiu Jepang,Orectolobus Japonicus,ORJ,pelagis besar
Hiu Kacang - Hemitriakis Indroyonoi,Hiu Kacang,Hemitriakis Indroyonoi,,pelagis besar
Hiu Kacang - Mustelus Cf Manazo,Hiu Kacang,Mustelus Cf Manazo,,pelagis besar
Hiu Kacang - Mustelus Widodoi,Hiu Kacang,Mustelus Widodoi,,pelagis besar
Hiu Kacang - Paragaleus Tengi,Hiu Kacang,Paragaleus Tengi,HEN,Demersal
Hiu Karang - Carcharhinus Melanopterus,Hiu Karang,Carcharhinus Melanopterus,BLR,Demersal
Hiu Karang - Iago Garricki,Hiu Karang,Iago Garricki,TIK,pelagis besar
Hiu Karpet Berbintik - Hemiscyllium Freycineti,Hiu Karpet Berbintik,Hemiscyllium Freycineti,ORF,Ikan Karang
Hiu Kebo - Carcharhinus Brachyurus,Hiu Kebo,Carcharhinus Brachyurus,BRO,Demersal
Hiu Kejen - Loxodon Macrorhinus,Hiu Kejen,Loxodon Macrorhinus,CLD,Pelagis Besar
Hiu Koboi - Carcharhinus Longimanus,Hiu Koboi,Carcharhinus Longimanus,OCS,Demersal
Hiu Kodok - Orectolobus Cf Ornatus,Hiu Kodok,Orectolobus Cf Ornatus,,pelagis besar
Hiu Kodok - Squatina Legnota,Hiu Kodok,Squatina Legnota,,Pelagis Besar
Hiu Kodok - Squatina Spp,Hiu Kodok,Squatina Spp,AGN,Demersal
Hiu Kodok - Squatinidae,Hiu Kodok,Squatinidae,ASK,Demersal
Hiu Kucing - Heptranchias Perlo,Hiu Kucing,Heptranchias Perlo,HXT,Pelagis Besar
Hiu Lainnya - Selachimorpha (Pleurotremata),Hiu Lainnya,Selachimorpha (Pleurotremata),SKH,Pelagis Besar
Hiu Lanjam - Carcharhinus Fitzroyensis,Hiu Lanjam,Carcharhinus Fitzroyensis,CCZ,Demersal
Hiu Lanjaman - Carcharhinus Falciformis,Hiu Lanjaman,Carcharhinus Falciformis,FAL,Pelagis Besar
Hiu Lanjaman Bercak Hitam - Carcharhinus Sealei,Hiu Lanjaman Bercak Hitam,Carcharhinus Sealei,CCI,Pelagis Besar
Hiu Lanjaman Cautus - Carcharhinus Cautus,Hiu Lanjaman Cautus,Carcharhinus Cautus,CCC,Pelagis Besar
Hiu Lanjaman Coides - Carcharhinus Amblyrhynchoides,Hiu Lanjaman Coides,Carcharhinus Amblyrhynchoides,CCY,Pelagis Besar
Hiu Lanjaman Macloti - Carcharhinus Macloti,Hiu Lanjaman Macloti,Carcharhinus Macloti,CCM,Pelagis Besar
Hiu Lanjaman Pipi Putih - Carcharhinus Dussumieri,Hiu Lanjaman Pipi Putih,Carcharhinus Dussumieri,CCD,Pelagis Besar
Hiu Lepang - Cephaloscyllium Pictum,Hiu Lepang,Cephaloscyllium Pictum,,pelagis besar
Hiu Lepang - Haraelurus Maculosus,Hiu Lepang,Haraelurus Maculosus,,Pelagis Besar
Hiu Lonjor - Carcharhinus Amblyrhynchos,Hiu Lonjor,Carcharhinus Amblyrhynchos,CWZ,Pelagis Besar
Hiu Macan - Galeocerdo Cuvier,Hiu Macan,Galeocerdo Cuvier,TIG,Pelagis Besar
Hiu Mako - Isurus Spp,Hiu Mako,Isurus Spp,MAK,Pelagis Besar
Hiu Mako Sirip Panjang - Isurus Paucus,Hiu Mako Sirip Panjang,Isurus Paucus,LMA,Demersal
Hiu Mako Sirip Pendek - Isurus Glaucus,Hiu Mako Sirip Pendek,Isurus Glaucus,,pelagis besar
Hiu Mako Sirip Pendek - Isurus Oxyrinchus,Hiu Mako Sirip Pendek,Isurus Oxyrinchus,SMA,Pelagis Besar
"Hiu Martil - Eusphyra Blochii 
",Hiu Martil,"Eusphyra Blochii 
",,Pelagis Besar
Hiu Martil - Sphyrna Lewini,Hiu Martil,Sphyrna Lewini,SPL,Pelagis Besar
Hiu Martil Besar - Sphyrna Mokarran,Hiu Martil Besar,Sphyrna Mokarran,SPK,Pelagis Besar
Hiu Martil Caping - Sphyrna Zygaena,Hiu Martil Caping,Sphyrna Zygaena,SPZ,Pelagis Besar
Hiu Martil Kepala Lebar - Eusphyra Blochii,Hiu Martil Kepala Lebar,Eusphyra Blochii,EUB,Pelagis Besar
Hiu Meong - Hexanchus Nakamurai,Hiu Meong,Hexanchus Nakamurai,HXN,Pelagis Besar
Hiu Merak Bulu Blacktip - Carcharhinus Limbatus,Hiu Merak Bulu Blacktip,Carcharhinus Limbatus,CCL,Pelagis Besar
Hiu Merak Bulu Hitam - Carcharhinus Obscurus,Hiu Merak Bulu Hitam,Carcharhinus Obscurus,DUS,Pelagis Besar
Hiu Merak Bulu Moncong Bulat - Carcharhinus Altimus,Hiu Merak Bulu Moncong Bulat,Carcharhinus Altimus,CCA,Pelagis Besar
Hiu Merak Bulu Super - Carcharhinus Brevipinna,Hiu Merak Bulu Super,Carcharhinus Brevipinna,CCB,Pelagis Besar
Hiu Monas - Hemipristis Elongata,Hiu Monas,Hemipristis Elongata,HEE,Pelagis Besar
Hiu Mongiwa - Carcharhinus Amboinensis,Hiu Mongiwa,Carcharhinus Amboinensis,CCF,pelagis besar
Hiu Monyet - Alopias Pelagicus,Hiu Monyet,Alopias Pelagicus,PTH,Pelagis Besar
Hiu Mulut Raksasa - Megachasma Pelagios,Hiu Mulut Raksasa,Megachasma Pelagios,LMP,Pelagis Besar
Hiu Narrownose - Mustellus Schimitti,Hiu Narrownose,Mustellus Schimitti,,pelagis besar
Hiu Paus - Rhincodon Typus,Hiu Paus,Rhincodon Typus,RHN,pelagis besar
Hiu Perawat - Ginglymostoma Cirratum,Hiu Perawat,Ginglymostoma Cirratum,GNC,pelagis besar
Hiu Pilus - Chaenogaleus Macrosatoma,Hiu Pilus,Chaenogaleus Macrosatoma,,pelagis besar
Hiu Pilus - Hemigaleus Microstoma,Hiu Pilus,Hemigaleus Microstoma,HEH,Pelagis Besar
Hiu Pilus - Rhizoprionodon Oligolink,Hiu Pilus,Rhizoprionodon Oligolink,,pelagis besar
Hiu Pilus - Rhizoprionodon Taylori,Hiu Pilus,Rhizoprionodon Taylori,RHY,pelagis besar
Hiu Pisang - Rhizoprionodon Acutus,Hiu Pisang,Rhizoprionodon Acutus,RHA,Pelagis Besar
Hiu Pogak - Hydrolagus Lemures,Hiu Pogak,Hydrolagus Lemures,,pelagis besar
Hiu Putih - Carcharodon Carcharias,Hiu Putih,Carcharodon Carcharias,WSH,pelagis besar
Hiu Putik - Mustelus Manazo,Hiu Putik,Mustelus Manazo,MTZ,Demersal
Hiu Selendang - Prionace Glauca,Hiu Selendang,Prionace Glauca,BSH,Pelagis Besar
Hiu Sicklefin - Negaprion Acutidens,Hiu Sicklefin,Negaprion Acutidens,NGA,pelagis besar
Hiu Sonteng - Carcharhinus Albimarginatus,Hiu Sonteng,Carcharhinus Albimarginatus,ALS,Demersal
Hiu Super - Carcharhinus Sorrah,Hiu Super,Carcharhinus Sorrah,CCQ,Pelagis Besar
Hiu Tahu - Pseudotriakis Microdon,Hiu Tahu,Pseudotriakis Microdon,PTM,pelagis besar
Hiu Tahu Putih - Hexanchus Griseus,Hiu Tahu Putih,Hexanchus Griseus,SBL,pelagis besar
Hiu Taji - Cirrhigaleus Barbifer,Hiu Taji,Cirrhigaleus Barbifer,CHF,pelagis besar
Hiu Taji - Squalus Edemudsi,Hiu Taji,Squalus Edemudsi,,pelagis besar
Hiu Taji - Squalus Hemipinnis,Hiu Taji,Squalus Hemipinnis,,pelagis besar
Hiu Taji - Squalus Mantalbani,Hiu Taji,Squalus Mantalbani,,pelagis besar
Hiu Taji - Squalus Megalops,Hiu Taji,Squalus Megalops,DOP,Pelagis Besar
Hiu Taji - Squalus Nasutus,Hiu Taji,Squalus Nasutus,,pelagis besar
Hiu Tanduk Putih - Triaenodon Obesus,Hiu Tanduk Putih,Triaenodon Obesus,TRB,pelagis besar
Hiu Teteri - Carcharhinus Plumbeus,Hiu Teteri,Carcharhinus Plumbeus,CCP,Demersal
Hiu Tikus - Alopias Vulpinus,Hiu Tikus,Alopias Vulpinus,ALV,Pelagis Besar
Hiu Tikus - Dalatias Licha,Hiu Tikus,Dalatias Licha,SCK,pelagis besar
Hiu Tikus Mata Besar - Alopias Superciliosus,Hiu Tikus Mata Besar,Alopias Superciliosus,BTH,Pelagis Besar
Hiu Tjutjot Pisang - Chiloscyllium Griseum,Hiu Tjutjot Pisang,Chiloscyllium Griseum,ORR,pelagis besar
Hiu Tokek - Atelomycterus Baliensis,Hiu Tokek,Atelomycterus Baliensis,,pelagis besar
Hiu Tokek - Atelomycterus Marmoratus,Hiu Tokek,Atelomycterus Marmoratus,ATY,Demersal
Hiu Tokek - Stegostoma Fasciatum,Hiu Tokek,Stegostoma Fasciatum,OSF,Demersal
Hiu Tokek Lepang - Halaelurus Maculosus,Hiu Tokek Lepang,Halaelurus Maculosus,,Pelagis Besar
Hiu Tutul - Stegostoma Tigrinum,Hiu Tutul,Stegostoma Tigrinum,OSF,Pelagis Besar
Hokke - Pleurogrammus Azonus,Hokke,Pleurogrammus Azonus,ATK,pelagis
Honshu Pipefish - Doryrhamphus Japonicus,Honshu Pipefish,Doryrhamphus Japonicus,,ikan karang
Ikan Ayam-Ayam - Abalistes Stellatus,Ikan Ayam-Ayam,Abalistes Stellatus,AJS,Ikan Karang
Ikan Bidadari Batik - Pomacanthus Imperator,Ikan Bidadari Batik,Pomacanthus Imperator,OAI,Pelagis Besar
Ikan Bidadari Biru - Pomacanthus Semicirculatus,Ikan Bidadari Biru,Pomacanthus Semicirculatus,QFI,Demersal
Ikan Buntal Emas - Lagocephalus Spadiceus,Ikan Buntal Emas,Lagocephalus Spadiceus,KZP,Ikan Karang
Ikan Demersal Lainnya - Ikan Demersal Lainnya,Ikan Demersal Lainnya,Ikan Demersal Lainnya,,Demersal
Ikan Gabus - Channa Marulius,Ikan Gabus,Channa Marulius,KNA,Pelagis Besar
Ikan Jaket Bukur - Aluterus Monoceros,Ikan Jaket Bukur,Aluterus Monoceros,ALM,Ikan Karang
Ikan Kakatua - Scarus Spp,Ikan Kakatua,Scarus Spp,USX,Ikan Karang
Ikan Kakatua Goban - Scarus Ghobban,Ikan Kakatua Goban,Scarus Ghobban,USY,Ikan Karang
Ikan Kakatua Peluru - Chlorurus Sordidus,Ikan Kakatua Peluru,Chlorurus Sordidus,UUS,Ikan Karang
Ikan Lainnya - Ikan Lainnya,Ikan Lainnya,Ikan Lainnya,,Binatang Air Lainnya
Ikan Layaran - Isthiophorus Platypterus,Ikan Layaran,Isthiophorus Platypterus,,pelagis besar
Ikan Layaran - Istiophorus Platypterus,Ikan Layaran,Istiophorus Platypterus,SFA,Pelagis Besar
Ikan Lidah - Cynoglossus Lingua,Ikan Lidah,Cynoglossus Lingua,YOG,Demersal
Ikan Lidah Bengal - Cynoglossus Cynoglossus,Ikan Lidah Bengal,Cynoglossus Cynoglossus,YOY,Demersal
Ikan Lidah Berbintik - Cynoglossus Puncticeps,Ikan Lidah Berbintik,Cynoglossus Puncticeps,YOP,Demersal
Ikan Lidah Garis Ganda - Paraplagusia Bilineata,Ikan Lidah Garis Ganda,Paraplagusia Bilineata,KSV,Demersal
Ikan Lidah Lumpur - Cynoglossus Bilineatus,Ikan Lidah Lumpur,Cynoglossus Bilineatus,YOB,Demersal
Ikan Lidah Sisik Besar - Cynoglossus Arel,Ikan Lidah Sisik Besar,Cynoglossus Arel,YOR,Demersal
Ikan Lidah Sisik Kasar - Cynoglossus Lida,Ikan Lidah Sisik Kasar,Cynoglossus Lida,YOS,Demersal
Ikan Lidah Tiga Garis - Cynoglossus Abbreviatus,Ikan Lidah Tiga Garis,Cynoglossus Abbreviatus,YOA,Demersal
Ikan Mola Bintik Putih - Mola Mola,Ikan Mola Bintik Putih,Mola Mola,MOX,Pelagis Besar
Ikan Mola Ekor Tajam - Masturus Lanceolatus,Ikan Mola Ekor Tajam,Masturus Lanceolatus,MRW,Pelagis Besar
Ikan Mola Ramping - Ranzania Laevis,Ikan Mola Ramping,Ranzania Laevis,RZV,Pelagis Besar
Ikan Naga - Alepisaurus Ferox,Ikan Naga,Alepisaurus Ferox,ALX,Pelagis Besar
Ikan Naga - Alepisaurus Ferrox,Ikan Naga,Alepisaurus Ferrox,,bathy pelagic
Ikan Pe - Dasyatis Cf Longa,Ikan Pe,Dasyatis Cf Longa,,demersal
Ikan Pedang - Xiphias Gladius,Ikan Pedang,Xiphias Gladius,SWO,Pelagis Besar
Ikan Sanma - Cololabis Saira,Ikan Sanma,Cololabis Saira,SAP,pelagis kecil
Ikan Sebelah - Psettodes Erumei,Ikan Sebelah,Psettodes Erumei,HAI,Demersal
Ikan Sebelah Mata Kanan - Poecilopsetta Colorata,Ikan Sebelah Mata Kanan,Poecilopsetta Colorata,OCF,Demersal
Ikan Sebelah Mata Kiri - Pseudorhombus Arsius,Ikan Sebelah Mata Kiri,Pseudorhombus Arsius,UHA,Demersal
Ikan Terbang Bertulang - Hirundichthys Oxycephalus,Ikan Terbang Bertulang,Hirundichthys Oxycephalus,FFZ,Pelagis Kecil
Ikan Terbang Peluncur - Cheilopogon Atrisignis,Ikan Terbang Peluncur,Cheilopogon Atrisignis,EAW,Pelagis Kecil
Ikan Terbang Sirip Hitam - Cypselurus Opisthopus,Ikan Terbang Sirip Hitam,Cypselurus Opisthopus,FQD,Pelagis Kecil
Ikan Terbang Sirip Layaran - Parexocoetus Brachypterus,Ikan Terbang Sirip Layaran,Parexocoetus Brachypterus,PXB,Pelagis Besar
Ikan Terbang Sisik Kasar - Cypselurus Oligolepis,Ikan Terbang Sisik Kasar,Cypselurus Oligolepis,ECL,Pelagis Kecil
Ikan Terbang Totol - Cypselurus Poecilopterus,Ikan Terbang Totol,Cypselurus Poecilopterus,ECP,Pelagis Kecil
Ikan Todak - Tetrapturus Angustirostris,Ikan Todak,Tetrapturus Angustirostris,SSP,Pelagis Besar
Indian Sand Tiger - Carcharias Tricuspidatus,Indian Sand Tiger,Carcharias Tricuspidatus,LOU,pelagis besar
Jabingan Hitam Besar - Atrosalarias Fuscus,Jabingan Hitam Besar,Atrosalarias Fuscus,AIS,ikan karang
Jangki Benang Ungu - Pentapodus Emeryii,Jangki Benang Ungu,Pentapodus Emeryii,NPY,Ikan Karang
Jangki Gigi Kecil - Pentapodus Caninus,Jangki Gigi Kecil,Pentapodus Caninus,NPC,Ikan Karang
Jangki Kupu Bintik Hitam - Pentapodus Setosus,Jangki Kupu Bintik Hitam,Pentapodus Setosus,QPK,Ikan Karang
Jangki Nagasaki - Pentapodus Nagasakiensis,Jangki Nagasaki,Pentapodus Nagasakiensis,,Ikan Karang
Jangki Punggung Putih - Pentapodus Bifasciatus,Jangki Punggung Putih,Pentapodus Bifasciatus,,Ikan Karang
Jangki Setan - Gasterochisma Melampus,Jangki Setan,Gasterochisma Melampus,BUK,Pelagis Kecil
Jangki Strip Kuning - Pentapodus Aureofasciatus,Jangki Strip Kuning,Pentapodus Aureofasciatus,,Demersal
Jangki Tiga Garis - Pentapodus Trivittatus,Jangki Tiga Garis,Pentapodus Trivittatus,QPZ,Ikan Karang
Jangki Timun; Pasir-Pasir - Scolopsis Bimaculatus,Jangki Timun; Pasir-Pasir,Scolopsis Bimaculatus,,Ikan Karang
Janss' Pipefish - Doryrhamphus Janssi,Janss' Pipefish,Doryrhamphus Janssi,,ikan karang
Japanese Rubyfish - Erythrocles Schlegelii,Japanese Rubyfish,Erythrocles Schlegelii,ERY,demersal
Japuh Pelangi - Dussumieria Acuta,Japuh Pelangi,Dussumieria Acuta,RAS,Pelagis Kecil
Japuh Pipih - Dussumieria Elopsoides,Japuh Pipih,Dussumieria Elopsoides,RAL,Pelagis Kecil
Jarang Koto/Kuniran - Lutjanus Quinquelineatus,Jarang Koto/Kuniran,Lutjanus Quinquelineatus,LWQ,demersal
Jenaha - Lutjanus Russellii,Jenaha,Lutjanus Russellii,SNU,Ikan Karang
Jenggot - Parupeneus Rubescens,Jenggot,Parupeneus Rubescens,QZH,ikan karang
Jenggot - Upeneus Guttatus,Jenggot,Upeneus Guttatus,,demersal
Jenggot - Upeneus Japonicus,Jenggot,Upeneus Japonicus,UCW,ikan karang
Jenggot Doublebar - Parupeneus Crassilabris,Jenggot Doublebar,Parupeneus Crassilabris,,ikan karang
Jenggot Kuning - Mulloidichthys Flavolineatus,Jenggot Kuning,Mulloidichthys Flavolineatus,MUV,Demersal
Jenggot Merah - Mulloidichthys Pfluegeri,Jenggot Merah,Mulloidichthys Pfluegeri,YYP,ikan karang
Jenggot Merah - Parupaneus Heptacanthus,Jenggot Merah,Parupaneus Heptacanthus,,ikan karang
Jenggot Multibar - Parupeneus Multifasciatus,Jenggot Multibar,Parupeneus Multifasciatus,RPK,ikan karang
Jenggot Two--Barred - Parupeneus Trifasciatus,Jenggot Two--Barred,Parupeneus Trifasciatus,RPB,ikan karang
Julung Julung - Hemiramphus Brasiliensis,Julung Julung,Hemiramphus Brasiliensis,BAL,Pelagis Kecil
Julung Julung - Hemiramphus Brasillensis,Julung Julung,Hemiramphus Brasillensis,,ikan karang
Julung-Julung - Ablennes Hians,Julung-Julung,Ablennes Hians,BAF,Pelagis Kecil
Julung-Julung - Hemiramphus Spp,Julung-Julung,Hemiramphus Spp,HAX,Pelagis Kecil
Julung-Julung - Hyporhamphus Balinensis,Julung-Julung,Hyporhamphus Balinensis,,ikan karang
Julung-Julung - Hyporhamphus Dussumieri,Julung-Julung,Hyporhamphus Dussumieri,KXU,Pelagis Kecil
Julung-Julung - Nomorhamphus Liemi,Julung-Julung,Nomorhamphus Liemi,,pelagis kecil
Julung-Julung - Strongylura Leiura,Julung-Julung,Strongylura Leiura,SYQ,Pelagis Kecil
Julung-Julung - Strongylura Strongylura,Julung-Julung,Strongylura Strongylura,SGY,Pelagis Kecil
Julung-Julung Congaturi - Hyporhamphus Limbatus,Julung-Julung Congaturi,Hyporhamphus Limbatus,GZQ,Pelagis Kecil
Julung-Julung Perak - Hemiramphus Lutkei,Julung-Julung Perak,Hemiramphus Lutkei,,Pelagis Kecil
Julung-Julung Totol Hitam - Hemiramphus Far,Julung-Julung Totol Hitam,Hemiramphus Far,HHF,Pelagis Kecil
Kaca - Ambassis Agrammus,Kaca,Ambassis Agrammus,,demersal
Kaca - Ambassis Ambassis,Kaca,Ambassis Ambassis,MSE,demersal
Kaci-Kaci - Plectorhinchus Lavomaculatus,Kaci-Kaci,Plectorhinchus Lavomaculatus,,Ikan Karang
Kaci-Kaci - Plectorhinchus Spp,Kaci-Kaci,Plectorhinchus Spp,PBX,Ikan Karang
Kaci-Kaci Abu Ekor Hitam - Plectorhinchus Albovittatus,Kaci-Kaci Abu Ekor Hitam,Plectorhinchus Albovittatus,QRI,Ikan Karang
Kaci-Kaci Batik Kuning - Diagramma Labiosum,Kaci-Kaci Batik Kuning,Diagramma Labiosum,,Ikan Karang
Kaci-Kaci Belang - Plectorhinchus Vittatus,Kaci-Kaci Belang,Plectorhinchus Vittatus,GQV,Ikan Karang
Kaci-Kaci Bibir Hitam - Plectorhinchus Gibbosus,Kaci-Kaci Bibir Hitam,Plectorhinchus Gibbosus,IEW,Ikan Karang
Kaci-Kaci Bintik Biru - Diagramma Pictum,Kaci-Kaci Bintik Biru,Diagramma Pictum,DGP,Demersal
Kaci-Kaci Garis Kuning - Plectorhinchus Chrysotaenia,Kaci-Kaci Garis Kuning,Plectorhinchus Chrysotaenia,,Ikan Karang
Kaci-Kaci Macan - Plectorhinchus Chaetodonoides,Kaci-Kaci Macan,Plectorhinchus Chaetodonoides,,Ikan Karang
Kaci-Kaci Putih Bintik Hitam - Plectorhinchus Picus,Kaci-Kaci Putih Bintik Hitam,Plectorhinchus Picus,,Ikan Karang
Kaci-Kaci Sirip Bintik Orange - Plectorhinchus Flavomaculatus,Kaci-Kaci Sirip Bintik Orange,Plectorhinchus Flavomaculatus,PFV,Ikan Karang
Kaci-Kaci Sirip Kuning - Diagramma Melanacrum,Kaci-Kaci Sirip Kuning,Diagramma Melanacrum,,Ikan Karang
Kaci-Kaci Strip Hitam - Plectorhinchus Lessonii,Kaci-Kaci Strip Hitam,Plectorhinchus Lessonii,GFH,Ikan Karang
Kaci-Kaci Strip Sirip Kuning - Plectorhinchus Polytaenia,Kaci-Kaci Strip Sirip Kuning,Plectorhinchus Polytaenia,,Ikan Karang
Kaci-Kaci Totol Bibir Kuning - Plectorhinchus Lineatus,Kaci-Kaci Totol Bibir Kuning,Plectorhinchus Lineatus,IEY,Pelagis Besar
Kaci-Kaci Unicolor - Plectorhinchus Schotaf,Kaci-Kaci Unicolor,Plectorhinchus Schotaf,PKF,Ikan Karang
Kadal Merah - Synodus Ulae,Kadal Merah,Synodus Ulae,,demersal
Kakaktua Putih - Cheilinus Chlorourus,Kakaktua Putih,Cheilinus Chlorourus,JBK,Ikan Karang
Kakap - Liopropoma Randalli,Kakap,Liopropoma Randalli,NWF,Ikan Karang
Kakap - Lutjanus Spp,Kakap,Lutjanus Spp,SNA,Demersal
Kakap - Sacura Parva,Kakap,Sacura Parva,QZC,Ikan Karang
Kakap Bakau - Lutjanus Argentimaculatus,Kakap Bakau,Lutjanus Argentimaculatus,RES,Ikan Karang
Kakap Batu - Lutjanus Griseus,Kakap Batu,Lutjanus Griseus,LJI,Demersal
Kakap Bendera - Pristipomoides Zonatus,Kakap Bendera,Pristipomoides Zonatus,LWZ,Ikan Karang
Kakap Bungkuk - Lutjanus Sebae,Kakap Bungkuk,Lutjanus Sebae,LUB,Ikan Karang
Kakap Button - Lutjanus Boutton,Kakap Button,Lutjanus Boutton,,Ikan Karang
Kakap Cablikan - Lutjanus Lemniscatus,Kakap Cablikan,Lutjanus Lemniscatus,LWL,Ikan Karang
Kakap Cina - Ctenopharyngodon Idellus,Kakap Cina,Ctenopharyngodon Idellus,FCG,Demersal
Kakap Ekor Kuning - Lutjanus Carponotatus,Kakap Ekor Kuning,Lutjanus Carponotatus,,Ikan Karang
Kakap Ekor Kuning - Lutjanus Ehrenbergii,Kakap Ekor Kuning,Lutjanus Ehrenbergii,LWE,Ikan Karang
Kakap Gaga - Lutjanus Rivulatus,Kakap Gaga,Lutjanus Rivulatus,LUV,Demersal
Kakap Gorara - Lutjanus Russelli,Kakap Gorara,Lutjanus Russelli,SNU,Demersal
Kakap Gorarafuro - Lutjanus Fulviflamma,Kakap Gorarafuro,Lutjanus Fulviflamma,LJF,Ikan Karang
Kakap Hitam - Macolor Niger,Kakap Hitam,Macolor Niger,MLN,Ikan Karang
Kakap Hitam Papua - Lutjanus Goldiei,Kakap Hitam Papua,Lutjanus Goldiei,LVG,ikan karang
Kakap Indian - Lutjanus Madras,Kakap Indian,Lutjanus Madras,,Ikan Karang
Kakap Jenaha - Lutjanus Johnii,Kakap Jenaha,Lutjanus Johnii,LJH,Ikan Karang
Kakap Kelalah - Lutjanus Monostigma,Kakap Kelalah,Lutjanus Monostigma,LJK,Ikan Karang
Kakap Kotak-Kotak - Lutjanus Decussatus,Kakap Kotak-Kotak,Lutjanus Decussatus,LJD,Pelagis Besar
Kakap Kuning Garis Abu - Lutjanus Bengalensis,Kakap Kuning Garis Abu,Lutjanus Bengalensis,QIT,Demersal
Kakap Lane - Lutjanus Synagris,Kakap Lane,Lutjanus Synagris,SNL,demersal
Kakap Layar - Symphorichthys Spilurus,Kakap Layar,Symphorichthys Spilurus,SJS,Demersal
Kakap Mailah - Lutjanus Bohar,Kakap Mailah,Lutjanus Bohar,LJB,Ikan Karang
Kakap Malam - Macolor Macularis,Kakap Malam,Macolor Macularis,,Ikan Karang
Kakap Markisa - Symphorus Nematophorus,Kakap Markisa,Symphorus Nematophorus,SJE,Demersal
Kakap Mata Besar - Lutjanus Lutjanus,Kakap Mata Besar,Lutjanus Lutjanus,LJL,Ikan Karang
Kakap Mata Kucing - Psammoperca Waigiensis Civler,Kakap Mata Kucing,Psammoperca Waigiensis Civler,,ikan karang
Kakap Merah - Lutjanus Malabaricus,Kakap Merah,Lutjanus Malabaricus,MAL,Ikan Karang
Kakap Merah - Lutjanus Sanguineus,Kakap Merah,Lutjanus Sanguineus,LZJ,Demersal
Kakap Merah Ekor Panjang - Etelis Coruscans,Kakap Merah Ekor Panjang,Etelis Coruscans,ETC,Demersal
Kakap Merah Pasifik - Lutjanus Peru,Kakap Merah Pasifik,Lutjanus Peru,LWP,demersal
Kakap Merah Pesisir - Lutjanus Bitaeniatus,Kakap Merah Pesisir,Lutjanus Bitaeniatus,,Ikan Karang
Kakap Merah Timor - Lutjanus Timorensis,Kakap Merah Timor,Lutjanus Timorensis,LWT,Demersal
Kakap Merah Utara - Lutjanus Campechanus,Kakap Merah Utara,Lutjanus Campechanus,SNR,Ikan Karang
Kakap Papua - Lutjanus Papuensis,Kakap Papua,Lutjanus Papuensis,,Ikan Karang
Kakap Perak Merah - Etelis Radiosus,Kakap Perak Merah,Etelis Radiosus,EEW,Demersal
Kakap Pinjalo Merah - Pinjalo Pinjalo,Kakap Pinjalo Merah,Pinjalo Pinjalo,PJP,Ikan Karang
Kakap Pinjalo Ramping - Pinjalo Lewisi,Kakap Pinjalo Ramping,Pinjalo Lewisi,QQE,Ikan Karang
Kakap Putih Japanese - Lateolabrax Japonicus,Kakap Putih Japanese,Lateolabrax Japonicus,BAJ,ikan karang
Kakap Ratu - Etelis Oculatus,Kakap Ratu,Etelis Oculatus,EEO,Demersal
Kakap Rubi Besar - Etelis Boweni,Kakap Rubi Besar,Etelis Boweni,,Demersal
Kakap Rubi Ekor Panjang - Etelis Carbunculus,Kakap Rubi Ekor Panjang,Etelis Carbunculus,ETA,Demersal
Kakap Sawo - Lutjanus Erythropterus,Kakap Sawo,Lutjanus Erythropterus,LJT,Ikan Karang
Kakap Sirip Hitam - Lutjanus Buccanella,Kakap Sirip Hitam,Lutjanus Buccanella,LJU,Demersal
Kakap Sutera - Lutjanus Vivanus,Kakap Sutera,Lutjanus Vivanus,LTJ,Demersal
Kakap Tambak - Lutjanus Fulvus,Kakap Tambak,Lutjanus Fulvus,LJV,Ikan Karang
Kakap Tandu - Lutjanus Gibbus,Kakap Tandu,Lutjanus Gibbus,LJG,Ikan Karang
Kakap Timor - Lutjanus Timoriensis,Kakap Timor,Lutjanus Timoriensis,LWT,Ikan Karang
Kakap Umela - Lutjanus Vitta,Kakap Umela,Lutjanus Vitta,LUJ,Ikan Karang
Kakatua - Bolbometopon Muricatum,Kakatua,Bolbometopon Muricatum,BMK,Ikan Karang
Kakatua - Calotomus Carolinus,Kakatua,Calotomus Carolinus,ULG,Ikan Karang
Kakatua - Calotomus Spinidens,Kakatua,Calotomus Spinidens,ULY,ikan karang
Kakatua - Cetoscarus Ocellatus,Kakatua,Cetoscarus Ocellatus,,Ikan Karang
Kakatua - Chlorurus Bleekeri,Kakatua,Chlorurus Bleekeri,UUP,ikan karang
Kakatua - Chlorurus Capistratoides,Kakatua,Chlorurus Capistratoides,,ikan karang
Kakatua - Chlorurus Japanensis,Kakatua,Chlorurus Japanensis,UKZ,ikan karang
Kakatua - Chlorurus Microrhinos,Kakatua,Chlorurus Microrhinos,FMD,Pelagis Kecil
Kakatua - Chlorurus Strongycephalus,Kakatua,Chlorurus Strongycephalus,,Demersal
Kakatua - Chlorurus Troschelii,Kakatua,Chlorurus Troschelii,,Demersal
Kakatua - Hipposcarus Longiceps,Kakatua,Hipposcarus Longiceps,HJZ,ikan karang
Kakatua - Leptoscarus Vaigiensis,Kakatua,Leptoscarus Vaigiensis,LOV,Ikan Karang
Kakatua - Scarus Altipinnis,Kakatua,Scarus Altipinnis,,ikan karang
Kakatua - Scarus Chameleon,Kakatua,Scarus Chameleon,,ikan karang
Kakatua - Scarus Dimidiatus,Kakatua,Scarus Dimidiatus,,ikan karang
Kakatua - Scarus Flavipectoralis,Kakatua,Scarus Flavipectoralis,,ikan karang
Kakatua - Scarus Forsteni,Kakatua,Scarus Forsteni,USF,Demersal
Kakatua - Scarus Frenatus,Kakatua,Scarus Frenatus,USZ,Ikan Karang
Kakatua - Scarus Globiceps,Kakatua,Scarus Globiceps,ULZ,ikan karang
Kakatua - Scarus Longipinnis,Kakatua,Scarus Longipinnis,,ikan karang
Kakatua - Scarus Niger,Kakatua,Scarus Niger,UVN,ikan karang
Kakatua - Scarus Oviceps,Kakatua,Scarus Oviceps,,ikan karang
Kakatua - Scarus Prasiognathos,Kakatua,Scarus Prasiognathos,,ikan karang
Kakatua - Scarus Psittacus,Kakatua,Scarus Psittacus,UVD,Ikan Karang
Kakatua - Scarus Quoyi,Kakatua,Scarus Quoyi,,ikan karang
Kakatua - Scarus Rivulatus,Kakatua,Scarus Rivulatus,,ikan karang
Kakatua - Scarus Rubroviolaceus,Kakatua,Scarus Rubroviolaceus,UVE,ikan karang
Kakatua - Scarus Schlegeli,Kakatua,Scarus Schlegeli,,ikan karang
Kakatua - Scarus Tricolor,Kakatua,Scarus Tricolor,UVH,ikan karang
Kalong - Velifer Hypselopterus,Kalong,Velifer Hypselopterus,VVH,demersal
Kambing-Kambing Besar - Balistoides Viridescens,Kambing-Kambing Besar,Balistoides Viridescens,BDZ,Ikan Karang
Kambing-Kambing Kembang - Balistoides Conspicillum,Kambing-Kambing Kembang,Balistoides Conspicillum,BDK,Ikan Karang
Kambing-Kambing Tikus - Canthidermis Maculata,Kambing-Kambing Tikus,Canthidermis Maculata,CNT,Ikan Karang
Kaneke - Plectorhynchus Mediterraneus,Kaneke,Plectorhynchus Mediterraneus,,demersal
Kapas Kapas Susu - Lactarius Lactarius,Kapas Kapas Susu,Lactarius Lactarius,TRF,Demersal
Kapasan - Prionurus Chrysurus,Kapasan,Prionurus Chrysurus,QXD,Ikan Karang
Kapas-Kapas - Geres Oyena,Kapas-Kapas,Geres Oyena,,demersal
Kapas-Kapas - Geres Punctatus,Kapas-Kapas,Geres Punctatus,,Demersal
Kapas-Kapas Badan Lebar - Gerres Erythrourus,Kapas-Kapas Badan Lebar,Gerres Erythrourus,GEV,Demersal
Kapas-Kapas Duri Panjang - Gerres Macracanthus,Kapas-Kapas Duri Panjang,Gerres Macracanthus,,Demersal
Kapas-Kapas Lebar Duri Panjang - Gerres Filamentosus,Kapas-Kapas Lebar Duri Panjang,Gerres Filamentosus,GEF,Demersal
Kapas-Kapas Perut Perak - Gerres Oyena,Kapas-Kapas Perut Perak,Gerres Oyena,GEJ,Demersal
Kapas-Kapas Sima - Gerres Shima,Kapas-Kapas Sima,Gerres Shima,,Demersal
Kembung Gepeng - Rastrelliger Faughni,Kembung Gepeng,Rastrelliger Faughni,RAF,Pelagis Kecil
Kembung Lelaki - Rastrelliger Kanagurta,Kembung Lelaki,Rastrelliger Kanagurta,RAG,Pelagis Kecil
Kembung Perempuan - Rastrelliger Brachysoma,Kembung Perempuan,Rastrelliger Brachysoma,RAB,Pelagis Kecil
Kemprit - Ilisha Striatula,Kemprit,Ilisha Striatula,,pelagis kecil
Kendia - Thynnichtys Vaillanti,Kendia,Thynnichtys Vaillanti,,demersal/sungai
Kenyar - Sarda Orientalis,Kenyar,Sarda Orientalis,BIP,Pelagis Besar
Kenyar - Sarda Spp,Kenyar,Sarda Spp,BZX,Pelagis Besar
Keong Loncat Strombus - Strombus Gibberulus,Keong Loncat Strombus,Strombus Gibberulus,,binatang lunak
Keong Macan - Babylonia Spirata,Keong Macan,Babylonia Spirata,YJS,binatang lunak
Keong Mata Sembilan - Haliotis Varia,Keong Mata Sembilan,Haliotis Varia,LQW,binatang lunak
Keong Ratu - Strombus Gigas,Keong Ratu,Strombus Gigas,,binatang lunak
Keong Sawah - Pila Polita,Keong Sawah,Pila Polita,,binatang lunak
Keong Topi - Cellana Eucosmia,Keong Topi,Cellana Eucosmia,,binatang lunak
Kepala Kambing - Cassis Cornuta,Kepala Kambing,Cassis Cornuta,KSC,binatang lunak
Kepe-Kepe - Chaetodon Auriga,Kepe-Kepe,Chaetodon Auriga,IWP,Ikan Karang
Kepe-Kepe Argenteus - Monodactylus Argenteus,Kepe-Kepe Argenteus,Monodactylus Argenteus,MOU,Pelagis Kecil
Kepe-Kepe Matahari - Chaetodon Kleinii,Kepe-Kepe Matahari,Chaetodon Kleinii,,Ikan Karang
Kepe-Kepe Putih - Parachaetodon Ocellatus,Kepe-Kepe Putih,Parachaetodon Ocellatus,RCC,Ikan Karang
Kepiting Bakau Coklat - Scylla Serrata,Kepiting Bakau Coklat,Scylla Serrata,MUD,Binatang Berkulit Keras
Kepiting Bakau Hijau - Scylla Paramamosain,Kepiting Bakau Hijau,Scylla Paramamosain,YAR,Binatang Berkulit Keras
Kepiting Bakau Jingga - Scylla Olivacea,Kepiting Bakau Jingga,Scylla Olivacea,YLW,Binatang Berkulit Keras
Kepiting Bakau Ungu - Scylla Tranquebarica,Kepiting Bakau Ungu,Scylla Tranquebarica,YAT,Binatang Berkulit Keras
kepiting batu - Myomenippe hardwickii,kepiting batu,Myomenippe hardwickii,,Binatang Berkulit Keras
Kepiting Berbulu - Erimacrus Isenbeckii,Kepiting Berbulu,Erimacrus Isenbeckii,HBZ,binatang berkulit keras
Kepiting Biru - Callinectes Sapidus,Kepiting Biru,Callinectes Sapidus,CRB,binatang berkulit keras
Kepiting Bulu Shanghai - Eriocheir Sinensis,Kepiting Bulu Shanghai,Eriocheir Sinensis,ERS,binatang berkulit keras
Kepiting Hantu Bertanduk - Ocypode Ceratophthalmus,Kepiting Hantu Bertanduk,Ocypode Ceratophthalmus,ODK,binatang berkulit keras
Kepiting Kampat - Varuna Litterata,Kepiting Kampat,Varuna Litterata,VAL,binatang berkulit keras
Kepiting Katak Merah - Ranina Ranina,Kepiting Katak Merah,Ranina Ranina,RAQ,binatang berkulit keras
Kepiting Kenari - Birgus Latro,Kepiting Kenari,Birgus Latro,BQL,binatang berkulit keras
Kepiting Merah - Charybdis Natator,Kepiting Merah,Charybdis Natator,KHN,binatang berkulit keras
Kepiting Mimi Amerika - Limulus Polyphemus,Kepiting Mimi Amerika,Limulus Polyphemus,HSC,binatang berkulit keras
Kepiting Plongkor - Carpilius Maculatus,Kepiting Plongkor,Carpilius Maculatus,KPM,Binatang Berkulit Keras
Kepiting Raja Merah - Paralithodes Camtschaticus,Kepiting Raja Merah,Paralithodes Camtschaticus,KCD,binatang berkulit keras
Kepiting Salju - Chionoecetes Opilio,Kepiting Salju,Chionoecetes Opilio,CRQ,binatang berkulit keras
Kepiting Trapezia - Trapezia Lutea,Kepiting Trapezia,Trapezia Lutea,,binatang berkulit keras
Kepongok - Cardisoma Carnifex,Kepongok,Cardisoma Carnifex,KDC,binatang berkulit keras
Kerang - Anadara Broughtonii,Kerang,Anadara Broughtonii,ACB,binatang lunak
Kerang - Anadara Scapha,Kerang,Anadara Scapha,,binatang lunak
Kerang - Anodonta Woodiana,Kerang,Anodonta Woodiana,,binatang lunak
Kerang - Atrina Vexillum,Kerang,Atrina Vexillum,TQX,binatang lunak
Kerang - Austrovenus Stutchburyi,Kerang,Austrovenus Stutchburyi,KNU,binatang lunak
Kerang - Corbicula Japonica,Kerang,Corbicula Japonica,CMJ,binatang lunak
Kerang - Crucibulum Auriculatum,Kerang,Crucibulum Auriculatum,,binatang lunak
Kerang - Mercenaria Mercenaria,Kerang,Mercenaria Mercenaria,CLH,binatang lunak
Kerang - Panopea Generosa,Kerang,Panopea Generosa,GEC,binatang lunak
Kerang - Panopea Japonica,Kerang,Panopea Japonica,,binatang lunak
Kerang - Pharella Javanica,Kerang,Pharella Javanica,FLJ,binatang lunak
Kerang - Pinctada Species,Kerang,Pinctada Species,,binatang lunak
Kerang - Ruditapes Philipinarum,Kerang,Ruditapes Philipinarum,,Demersal
Kerang - Ruditapes Philippinarum,Kerang,Ruditapes Philippinarum,CLJ,binatang lunak
Kerang - Scapharca Broughtonii,Kerang,Scapharca Broughtonii,,binatang lunak
Kerang - Siliqua Patula,Kerang,Siliqua Patula,RAP,binatang lunak
Kerang - Spisula Solida,Kerang,Spisula Solida,ULO,binatang lunak
Kerang - Tapes Aureus,Kerang,Tapes Aureus,,binatang lunak
Kerang - Tapes Philippinarum,Kerang,Tapes Philippinarum,,binatang lunak
Kerang Atlantic Deepsea - Placopecten Magellanicus,Kerang Atlantic Deepsea,Placopecten Magellanicus,SCA,binatang lunak
Kerang Australian - Ylistrum Balloti,Kerang Australian,Ylistrum Balloti,,binatang lunak
Kerang Bakau - Polymesoda Erosa,Kerang Bakau,Polymesoda Erosa,YME,Demersal
Kerang Bambu - Ensis Spp,Kerang Bambu,Ensis Spp,EQX,Ikan Karang
Kerang Batu - Cardium Sp,Kerang Batu,Cardium Sp,KFX,Binatang Berkulit Keras
Kerang Baylonia - Babylonia Areolata,Kerang Baylonia,Babylonia Areolata,YJA,binatang lunak
Kerang Bulu - Anadara Antiquata,Kerang Bulu,Anadara Antiquata,NDQ,Binatang Lunak
Kerang Darah - Anadara Granosa,Kerang Darah,Anadara Granosa,BLC,Binatang Lunak
Kerang Darah - Anadara Oceanica,Kerang Darah,Anadara Oceanica,,binatang lunak
Kerang Darah - Tegillarca Granosa,Kerang Darah,Tegillarca Granosa,BLC,binatang lunak
kerang Daun - Lingula Sp,kerang Daun,Lingula Sp,,Binatang Lunak
Kerang Hijau - Perna Viridis,Kerang Hijau,Perna Viridis,MSV,Binatang Lunak
Kerang Japanese - Mizuhopecten Yessoensis,Kerang Japanese,Mizuhopecten Yessoensis,JSC,binatang lunak
Kerang Japing - Pinctada Margaritifera,Kerang Japing,Pinctada Margaritifera,PNM,binatang lunak
Kerang Kampak - Atrina Maura,Kerang Kampak,Atrina Maura,TQM,binatang lunak
Kerang Kawe - Geloina Expansa,Kerang Kawe,Geloina Expansa,YMX,Demersal
kerang kupang merah - Musculitas Senhausia ,kerang kupang merah,Musculitas Senhausia ,,Binatang Lunak
kerang kupang putih - Potamocorbula fasciata,kerang kupang putih,Potamocorbula fasciata,,Binatang Lunak
Kerang Mutiara - Pinctada Maxima,Kerang Mutiara,Pinctada Maxima,PNX,Binatang Lunak
Kerang Palu - Malleus Malleus,Kerang Palu,Malleus Malleus,EQM,binatang lunak
Kerang Pisau Lipat - Pharus Legumen,Kerang Pisau Lipat,Pharus Legumen,FRL,Binatang Lunak
Kerang Putih; Kupang - Corbula Faba,Kerang Putih; Kupang,Corbula Faba,,Demersal
Kerang Salju - Pholas Dactylus,Kerang Salju,Pholas Dactylus,FOD,binatang lunak
Kerang Salome - Meretrix Spp,Kerang Salome,Meretrix Spp,HCX,Binatang Berkulit Keras
Kerang Silet - Ensis Leei,Kerang Silet,Ensis Leei,CLR,binatang lunak
Kerang Siput - Vermicularia Fargoi,Kerang Siput,Vermicularia Fargoi,,Binatang Lunak
Kerang Terbang - Limaria Orientalis,Kerang Terbang,Limaria Orientalis,,binatang lunak
Kerang Teropong - Telescopium Telescopium,Kerang Teropong,Telescopium Telescopium,TXE,Demersal
Kerang Unam - Littorina Spp,Kerang Unam,Littorina Spp,PER,Binatang Berkulit Keras
Kerapu - Chelidoperca Pleurospilus,Kerapu,Chelidoperca Pleurospilus,,ikan karang
Kerapu - Epinephelus Spp,Kerapu,Epinephelus Spp,GPX,Ikan Karang
Kerapu - Plectranthias Retrofasciatus,Kerapu,Plectranthias Retrofasciatus,QRJ,Demersal
Kerapu - Plectropomus Spp,Kerapu,Plectropomus Spp,IWX,Ikan Karang
Kerapu Arc-Eye - Paracirrhites Arcatus,Kerapu Arc-Eye,Paracirrhites Arcatus,RTC,ikan karang
Kerapu Baldchin - Choerodon Rubescens,Kerapu Baldchin,Choerodon Rubescens,,ikan karang
Kerapu Batang Kuning - Cephalopholis Igarashiensis,Kerapu Batang Kuning,Cephalopholis Igarashiensis,CWI,Demersal
Kerapu Batik - Epinephelus Polyphekadion,Kerapu Batik,Epinephelus Polyphekadion,EEK,Ikan Karang
Kerapu Bebek - Cromileptes Altivelis,Kerapu Bebek,Cromileptes Altivelis,MPV,Ikan Karang
Kerapu Bebek - Epinephelus Summana,Kerapu Bebek,Epinephelus Summana,EWS,ikan karang
Kerapu Belosoh - Epinephelus Corallicola,Kerapu Belosoh,Epinephelus Corallicola,,ikan karang
Kerapu Bendera - Epinephelus Stictus,Kerapu Bendera,Epinephelus Stictus,EIT,Ikan Karang
Kerapu Berkarat Orange - Cephalopholis Aitha,Kerapu Berkarat Orange,Cephalopholis Aitha,FJI,Ikan Karang
Kerapu Bintik Biru - Cephalopholis Cyanostigma,Kerapu Bintik Biru,Cephalopholis Cyanostigma,CFY,Ikan Karang
Kerapu Bintik Biru - Epinephelus Cyanopodus,Kerapu Bintik Biru,Epinephelus Cyanopodus,EPY,Ikan Karang
Kerapu Bintik Coklat - Epinephelus Chlorostigma,Kerapu Bintik Coklat,Epinephelus Chlorostigma,EFH,Ikan Karang
Kerapu Bintik Hitam - Epinephelus Epistictus,Kerapu Bintik Hitam,Epinephelus Epistictus,EWE,Ikan Karang
Kerapu Bintik Kuning - Epinephelus Timorensis,Kerapu Bintik Kuning,Epinephelus Timorensis,,Ikan Karang
Kerapu Bintik Putih - Epinephelus Coeruleopunctatus,Kerapu Bintik Putih,Epinephelus Coeruleopunctatus,EWC,Ikan Karang
Kerapu Biru - Achoerodus Viridis,Kerapu Biru,Achoerodus Viridis,,ikan karang
Kerapu Blackside - Paracirrhites Forsteri,Kerapu Blackside,Paracirrhites Forsteri,RCI,ikan karang
Kerapu Cemani - Aethaloperca Rogaa,Kerapu Cemani,Aethaloperca Rogaa,EHG,Ikan Karang
Kerapu Coklat Bercak Hitam - Cephalopholis Boenak,Kerapu Coklat Bercak Hitam,Cephalopholis Boenak,CVK,Ikan Karang
Kerapu Duri Panjang - Epinephelus Longispinis,Kerapu Duri Panjang,Epinephelus Longispinis,EWW,Ikan Karang
Kerapu Ekor Garis Putih - Cephalopholis Urodeta,Kerapu Ekor Garis Putih,Cephalopholis Urodeta,CWU,Ikan Karang
Kerapu Ekor Gunting - Variola Albimarginata,Kerapu Ekor Gunting,Variola Albimarginata,VRA,Ikan Karang
Kerapu Ekor Kecapi Kuning - Variola Louti,Kerapu Ekor Kecapi Kuning,Variola Louti,VRL,Ikan Karang
Kerapu Enam Tanda Hitam - Cephalopholis Sexmaculata,Kerapu Enam Tanda Hitam,Cephalopholis Sexmaculata,CFX,Ikan Karang
Kerapu Gepeng - Epinephelus Striatus,Kerapu Gepeng,Epinephelus Striatus,GPN,ikan karang
Kerapu Harlequin - Cephalopholis Polleni,Kerapu Harlequin,Cephalopholis Polleni,DVF,ikan karang
Kerapu Hitam Strip Biru - Cephalopholis Formosa,Kerapu Hitam Strip Biru,Cephalopholis Formosa,CZO,ikan karang
Kerapu Insang Bergerigi - Cephalopholis Aurantia,Kerapu Insang Bergerigi,Cephalopholis Aurantia,CFZ,Ikan Karang
Kerapu Karang - Cephalopholis Spp,Kerapu Karang,Cephalopholis Spp,IIX,Ikan Karang
Kerapu Karang - Chephalopholis Boenack,Kerapu Karang,Chephalopholis Boenack,,Ikan Karang
Kerapu Karang Berminyak - Epinephelus Tauvina,Kerapu Karang Berminyak,Epinephelus Tauvina,EPT,Ikan Karang
Kerapu Karet - Epinephelus Heniochus,Kerapu Karet,Epinephelus Heniochus,EEE,Ikan Karang
Kerapu Karet Totol Putih - Epinephelus Multinotatus,Kerapu Karet Totol Putih,Epinephelus Multinotatus,EWU,Ikan Karang
Kerapu Keabuan - Epinephelus Magniscuttis,Kerapu Keabuan,Epinephelus Magniscuttis,EEJ,Ikan Karang
Kerapu Kentang - Epinephelus Tukula,Kerapu Kentang,Epinephelus Tukula,EWL,ikan karang
Kerapu Kertang - Epinephelus Lanceolatus,Kerapu Kertang,Epinephelus Lanceolatus,EEN,ikan karang
Kerapu Kuning - Epinephelus Flavocaeruleus,Kerapu Kuning,Epinephelus Flavocaeruleus,EEV,Ikan Karang
Kerapu Lumpur - Epinephelus Faveatus,Kerapu Lumpur,Epinephelus Faveatus,EWV,Ikan Karang
Kerapu Lumpur - Epinephelus Trophis,Kerapu Lumpur,Epinephelus Trophis,,Ikan Karang
Kerapu Lumpur Balong - Epinephelus Bleekeri,Kerapu Lumpur Balong,Epinephelus Bleekeri,EFK,Ikan Karang
Kerapu Lumpur Bergaris - Epinephelus Latifasciatus,Kerapu Lumpur Bergaris,Epinephelus Latifasciatus,EES,Ikan Karang
Kerapu Lumpur Bintik Orange - Epinephelus Coioides,Kerapu Lumpur Bintik Orange,Epinephelus Coioides,ENI,Demersal
Kerapu Lumpur Coklat Tua - Epinephelus Undulosus,Kerapu Lumpur Coklat Tua,Epinephelus Undulosus,EIU,Ikan Karang
Kerapu Lumpur Sirip Tinggi - Epinephelus Maculatus,Kerapu Lumpur Sirip Tinggi,Epinephelus Maculatus,EEC,Ikan Karang
Kerapu Lumpur Strip Enam - Epinephelus Sexfasciatus,Kerapu Lumpur Strip Enam,Epinephelus Sexfasciatus,EFX,Ikan Karang
Kerapu Lumpur Strip Tujuh - Epinephelus Amblycephalus,Kerapu Lumpur Strip Tujuh,Epinephelus Amblycephalus,EFY,Ikan Karang
Kerapu Macan - Cephalopholis Microprion,Kerapu Macan,Cephalopholis Microprion,CFM,ikan karang
Kerapu Macan - Ephinepelus Fuscoguttatus,Kerapu Macan,Ephinepelus Fuscoguttatus,,ikan karang
Kerapu Macan - Epinephelus Areolatus,Kerapu Macan,Epinephelus Areolatus,EPR,Ikan Karang
Kerapu Macan - Epinephelus Hexagonatus,Kerapu Macan,Epinephelus Hexagonatus,EEX,ikan karang
Kerapu Macan - Epinephelus Melanostigma,Kerapu Macan,Epinephelus Melanostigma,EZP,ikan karang
Kerapu Macan - Epinephelus Rivulatus,Kerapu Macan,Epinephelus Rivulatus,EPV,ikan karang
Kerapu Macan - Epinephelus Spilotoceps,Kerapu Macan,Epinephelus Spilotoceps,EZO,Ikan Karang
Kerapu Malabar - Epinephelus Malabaricus,Kerapu Malabar,Epinephelus Malabaricus,MAR,Ikan Karang
Kerapu Marmer - Epinephelus Fuscoguttatus,Kerapu Marmer,Epinephelus Fuscoguttatus,EWF,Ikan Karang
Kerapu Merah - Cephalopholis Leopardus,Kerapu Merah,Cephalopholis Leopardus,UKR,ikan karang
Kerapu Merah Keunguan - Cephalopholis Rogaa,Kerapu Merah Keunguan,Cephalopholis Rogaa,,Ikan Karang
Kerapu Merah Tua Bintik Biru - Cephalopholis Miniata,Kerapu Merah Tua Bintik Biru,Cephalopholis Miniata,CFI,Ikan Karang
Kerapu Merak - Cephalopholis Argus,Kerapu Merak,Cephalopholis Argus,CFF,Ikan Karang
Kerapu Minyak - Epinephelus Bilobatus,Kerapu Minyak,Epinephelus Bilobatus,,Ikan Karang
Kerapu Minyak - Epinephelus Miliaris,Kerapu Minyak,Epinephelus Miliaris,EWM,ikan karang
Kerapu Minyak - Epinephelus Morrhua,Kerapu Minyak,Epinephelus Morrhua,EEP,Ikan Karang
Kerapu Minyak - Epinephelus Poecilonotus,Kerapu Minyak,Epinephelus Poecilonotus,EWP,ikan karang
Kerapu Minyak - Epinephelus Polylepis,Kerapu Minyak,Epinephelus Polylepis,EWY,ikan karang
Kerapu Minyak Kemerahan - Epinephelus Retouti,Kerapu Minyak Kemerahan,Epinephelus Retouti,EWR,Ikan Karang
Kerapu Mottled - Mycteroperca Rubra,Kerapu Mottled,Mycteroperca Rubra,MKU,ikan karang
Kerapu Musang - Epinephelus Merra,Kerapu Musang,Epinephelus Merra,EER,Ikan Karang
Kerapu Ongus Totol Putih - Epinephelus Ongus,Kerapu Ongus Totol Putih,Epinephelus Ongus,,Ikan Karang
Kerapu Ramping - Anyperodon Leucogrammicus,Kerapu Ramping,Anyperodon Leucogrammicus,AYG,Ikan Karang
Kerapu Snubnose - Epinephelus Macrospilos,Kerapu Snubnose,Epinephelus Macrospilos,EEM,ikan karang
Kerapu Strip Merah - Epinephelus Fasciatus,Kerapu Strip Merah,Epinephelus Fasciatus,EEA,Ikan Karang
Kerapu Strip Serong - Epinephelus Radiatus,Kerapu Strip Serong,Epinephelus Radiatus,EZR,Ikan Karang
Kerapu Stroberi - Cephalopholis Spiloparaea,Kerapu Stroberi,Cephalopholis Spiloparaea,CWR,Ikan Karang
Kerapu Sunu - Gracila Albomarginata,Kerapu Sunu,Gracila Albomarginata,GCA,Ikan Karang
Kerapu Sunu Bintik Keliling - Plectropomus Pessuliferus,Kerapu Sunu Bintik Keliling,Plectropomus Pessuliferus,EMU,Ikan Karang
Kerapu Sunu Ekor Persegi - Plectropomus Areolatus,Kerapu Sunu Ekor Persegi,Plectropomus Areolatus,EME,Ikan Karang
Kerapu Sunu Lodi - Plectropomus Maculatus,Kerapu Sunu Lodi,Plectropomus Maculatus,PLM,Ikan Karang
Kerapu Sunu Macan - Plectropomus Leopardus,Kerapu Sunu Macan,Plectropomus Leopardus,EMO,Ikan Karang
Kerapu Sunu Pelana Hitam - Plectropomus Laevis,Kerapu Sunu Pelana Hitam,Plectropomus Laevis,EML,Ikan Karang
Kerapu Sunu Sirip Tinggi - Plectropomus Oligacanthus,Kerapu Sunu Sirip Tinggi,Plectropomus Oligacanthus,EMW,Ikan Karang
Kerapu Tomat - Cephalopholis Sonnerati,Kerapu Tomat,Cephalopholis Sonnerati,EFT,Ikan Karang
Kerapu Totol Putih - Epinephelus Caeruleopunctatus,Kerapu Totol Putih,Epinephelus Caeruleopunctatus,EWC,Demersal
Kerapu Tutul - Epinephelus Quoyanus,Kerapu Tutul,Epinephelus Quoyanus,EFQ,Ikan Karang
Kerisi - Nemipterus Spp,Kerisi,Nemipterus Spp,THB,Demersal
Kerong-Kerong - Helotes Sexlineatus,Kerong-Kerong,Helotes Sexlineatus,KNZ,Demersal
Kerong-Kerong - Lethrinus Spp,Kerong-Kerong,Lethrinus Spp,LZX,Demersal
Kerong-Kerong Besar - Terapon Theraps,Kerong-Kerong Besar,Terapon Theraps,TEH,Ikan Karang
Kerong-Kerong Garis Lurus - Pelates Quadrilineatus,Kerong-Kerong Garis Lurus,Pelates Quadrilineatus,PQD,Demersal
Kerong-Kerong Jarbua - Terapon Jarbua,Kerong-Kerong Jarbua,Terapon Jarbua,TJB,Demersal
Kerong-Kerong Padi - Terapon Puta,Kerong-Kerong Padi,Terapon Puta,TEU,Demersal
Ketang-Ketang - Drepane Punctata,Ketang-Ketang,Drepane Punctata,SPS,Demersal
Keting - Mystus Nigriceps,Keting,Mystus Nigriceps,BMZ,Ikan Air Tawar
Kijing - Pilsbryoconcha Exilis,Kijing,Pilsbryoconcha Exilis,NJO,Binatang Lunak
Kima Cina - Hippopus Porcellanus,Kima Cina,Hippopus Porcellanus,HJQ,binatang lunak
Kima Kecil - Tridacna Maxima,Kima Kecil,Tridacna Maxima,DKX,binatang lunak
Kima Sisik - Tridacna Squamosa,Kima Sisik,Tridacna Squamosa,TDS,binatang lunak
Kiper - Scatophagus Argus,Kiper,Scatophagus Argus,TFG,Ikan Karang
Kiper Laut - Coradion Chrysozonus,Kiper Laut,Coradion Chrysozonus,,Ikan Karang
Kleket - Pardachirus Pavoninus,Kleket,Pardachirus Pavoninus,ADJ,Demersal
Kod - Melanogrammus Aeglefinus,Kod,Melanogrammus Aeglefinus,HAD,demersal
Kod Alaska - Gadus Chalcogrammus,Kod Alaska,Gadus Chalcogrammus,ALK,demersal
Kod Atlantik - Gadus Morhua,Kod Atlantik,Gadus Morhua,COD,demersal
Kod Hitam - Notothenia Microlepidota,Kod Hitam,Notothenia Microlepidota,NHJ,demersal
Komodo Cardinalfish - Ostorhinchus Komodoensis,Komodo Cardinalfish,Ostorhinchus Komodoensis,,ikan karang
Krapu Abu-Abu Noda Putih - Epinephalus Multinotatus,Krapu Abu-Abu Noda Putih,Epinephalus Multinotatus,,ikan karang
Kuda Laut Landak - Hippocampus Spinosissimus,Kuda Laut Landak,Hippocampus Spinosissimus,,ikan karang
Kumai - Naso Tuberosus,Kumai,Naso Tuberosus,,ikan karang
Kumai Bali - Naso Hexacanthus,Kumai Bali,Naso Hexacanthus,QJR,ikan karang
Kumai Barred - Naso Thynnoides,Kumai Barred,Naso Thynnoides,,ikan karang
Kumai Ekor Putih - Naso Brevirostris,Kumai Ekor Putih,Naso Brevirostris,NAB,ikan karang
Kumai Putih - Naso Annulatus,Kumai Putih,Naso Annulatus,NBH,Ikan Karang
Kumeje Batu - Parascolopsis Inermis,Kumeje Batu,Parascolopsis Inermis,QNU,Demersal
Kumeje Batu Rosy - Parascolopsis Eriomma,Kumeje Batu Rosy,Parascolopsis Eriomma,NJF,Demersal
Kumeje Batu Yellowband Monocle - Parascolopsis Rufomaculatus,Kumeje Batu Yellowband Monocle,Parascolopsis Rufomaculatus,,demersal
Kumeje Batu Yellowsnout Large-Eye - Gymnocranius Frenatus,Kumeje Batu Yellowsnout Large-Eye,Gymnocranius Frenatus,GME,demersal
Kuniran - Upeneus Sulphureus,Kuniran,Upeneus Sulphureus,UPS,Demersal
Kuniran Bintik - Upeneus Tragula,Kuniran Bintik,Upeneus Tragula,UPT,Demersal
Kuniran Empat Strip - Upeneus Quadrilineatus,Kuniran Empat Strip,Upeneus Quadrilineatus,,demersal
Kuniran Gurat Emas - Upeneus Moluccensis,Kuniran Gurat Emas,Upeneus Moluccensis,UPM,Demersal
Kuniran; Biji Nangka - Parupeneus Cinnabarius,Kuniran; Biji Nangka,Parupeneus Cinnabarius,,Demersal
Kuniran; Biji Nangka - Upeneus Asymmetricus,Kuniran; Biji Nangka,Upeneus Asymmetricus,UBZ,Demersal
Kupang Cardinalfish - Ostorhinchus Wassinki,Kupang Cardinalfish,Ostorhinchus Wassinki,,ikan karang
Kurisi - Nemipterus Nematophorus,Kurisi,Nemipterus Nematophorus,,Demersal
Kurisi Anggun - Nemipterus Gracilis,Kurisi Anggun,Nemipterus Gracilis,NNR,Demersal
Kurisi Aurora - Nemipterus Aurora,Kurisi Aurora,Nemipterus Aurora,,Demersal
Kurisi Bali Bunga Kuning - Pristipomoides Auricilla,Kurisi Bali Bunga Kuning,Pristipomoides Auricilla,LWA,Demersal
Kurisi Bali Gigi Tajam - Pristipomoides Typus,Kurisi Bali Gigi Tajam,Pristipomoides Typus,LRU,Ikan Karang
Kurisi Bali Lavender - Pristipomoides Sieboldii,Kurisi Bali Lavender,Pristipomoides Sieboldii,LRB,Ikan Karang
Kurisi Bali Mawar - Pristipomoides Filamentosus,Kurisi Bali Mawar,Pristipomoides Filamentosus,PFM,Ikan Karang
Kurisi Bali Pita Emas - Pristipomoides Multidens,Kurisi Bali Pita Emas,Pristipomoides Multidens,LRI,Ikan Karang
Kurisi Benang Emas - Nemipterus Virgatus,Kurisi Benang Emas,Nemipterus Virgatus,THG,Demersal
Kurisi Cambuk Ganda - Nemipterus Nematophorus,Kurisi Cambuk Ganda,Nemipterus Nematophorus,NNF,Demersal
Kurisi Duri Merah - Nemipterus Nemurus,Kurisi Duri Merah,Nemipterus Nemurus,NNQ,Demersal
Kurisi Enam Garis Putih - Nemipterus Hexodon,Kurisi Enam Garis Putih,Nemipterus Hexodon,NNH,Demersal
Kurisi Hijau - Aprion Virescens,Kurisi Hijau,Aprion Virescens,AVR,Demersal
Kurisi Jepang - Nemipterus Japonicus,Kurisi Jepang,Nemipterus Japonicus,NNJ,Ikan Karang
Kurisi Lima Garis - Nemipterus Tambuloides,Kurisi Lima Garis,Nemipterus Tambuloides,NND,Demersal
Kurisi Perak - Aphareus Rutilans,Kurisi Perak,Aphareus Rutilans,ARQ,Ikan Karang
Kurisi Ramping - Nemipterus Zysron,Kurisi Ramping,Nemipterus Zysron,KZI,Demersal
Kurisi Sirip Benang Bali - Nemipterus Balinensis,Kurisi Sirip Benang Bali,Nemipterus Balinensis,NNI,Demersal
Kurisi Sirip Benang Merah - Nemipterus Marginatus,Kurisi Sirip Benang Merah,Nemipterus Marginatus,NNM,Demersal
Kurisi Sirip Berlekuk - Nemipterus Peronii,Kurisi Sirip Berlekuk,Nemipterus Peronii,NNK,Demersal
Kurisi Sirip Kerdil - Nemipterus Balinensoides,Kurisi Sirip Kerdil,Nemipterus Balinensoides,,Demersal
Kurisi Sirip Merah - Nemipterus Furcosus,Kurisi Sirip Merah,Nemipterus Furcosus,QJT,Demersal
Kurisi Sirip Ujung Kuning - Nemipterus Nematopus,Kurisi Sirip Ujung Kuning,Nemipterus Nematopus,,Demersal
Kurisi Yellowbelly Threadfin - Nemiptures Bathyibius,Kurisi Yellowbelly Threadfin,Nemiptures Bathyibius,,demersal
Kuro - Polydactylus Spp,Kuro,Polydactylus Spp,QHX,Demersal
Kuro; Senangin - Filimanus Xanthonema,Kuro; Senangin,Filimanus Xanthonema,QRW,Demersal
Kutu Laut - Acanthopleura Gemmata,Kutu Laut,Acanthopleura Gemmata,,ikan karang
Kuwe - Carangoides Armatus,Kuwe,Carangoides Armatus,NGR,Demersal
Kuwe - Carangoides Bajad,Kuwe,Carangoides Bajad,NGJ,Demersal
Kuwe - Carangoides Caeruleopinnatus,Kuwe,Carangoides Caeruleopinnatus,,Demersal
Kuwe - Carangoides Chrysophrys,Kuwe,Carangoides Chrysophrys,NGH,Demersal
Kuwe - Carangoides Ciliarius,Kuwe,Carangoides Ciliarius,,Demersal
Kuwe - Carangoides Coeruleopinnatus,Kuwe,Carangoides Coeruleopinnatus,,Demersal
Kuwe - Carangoides Dinema,Kuwe,Carangoides Dinema,NGD,Demersal
Kuwe - Carangoides Equula,Kuwe,Carangoides Equula,NGQ,Demersal
Kuwe - Carangoides Ferdau,Kuwe,Carangoides Ferdau,,Demersal
Kuwe - Carangoides Hedlandensis,Kuwe,Carangoides Hedlandensis,NGE,Demersal
Kuwe - Carangoides Malabaricus,Kuwe,Carangoides Malabaricus,NGS,Demersal
Kuwe - Carangoides Plagiotaenia,Kuwe,Carangoides Plagiotaenia,GSP,Demersal
Kuwe - Caranx Sp,Kuwe,Caranx Sp,TRE,Demersal
Kuwe - Pseudocaranx Dentex,Kuwe,Pseudocaranx Dentex,TRZ,ikan karang
Kuwe Batu - Seriola Dumerili,Kuwe Batu,Seriola Dumerili,AMB,Demersal
Kuwe Batu Kuning - Seriola Rivoliana,Kuwe Batu Kuning,Seriola Rivoliana,YTL,Demersal
Kuwe Bawang - Turrum Coeruleopinnatum,Kuwe Bawang,Turrum Coeruleopinnatum,NGC,Demersal
Kuwe Bayangan - Carangichthys Dinema,Kuwe Bayangan,Carangichthys Dinema,NGD,Demersal
Kuwe Bibir Tebal - Carangoides Orthogrammus,Kuwe Bibir Tebal,Carangoides Orthogrammus,NGT,Demersal
Kuwe Bibir Tebal - Ferdauia Orthogrammus,Kuwe Bibir Tebal,Ferdauia Orthogrammus,NGT,Demersal
Kuwe Bintik - Trachinotus Baillonii,Kuwe Bintik,Trachinotus Baillonii,TBA,Demersal
Kuwe Bobara - Caranx Ignobilis,Kuwe Bobara,Caranx Ignobilis,NXI,Demersal
Kuwe Datu - Seriolina Nigrofasciata,Kuwe Datu,Seriolina Nigrofasciata,RNJ,Ikan Karang
Kuwe Ekor Kuning - Caranx Heberi,Kuwe Ekor Kuning,Caranx Heberi,NXH,Demersal
Kuwe Hidung Benjol - Atropus Hedlandensis,Kuwe Hidung Benjol,Atropus Hedlandensis,NGE,Demersal
Kuwe Lilin - Carangoides Gymnostethus,Kuwe Lilin,Carangoides Gymnostethus,NGY,Demersal
Kuwe Lilin - Turrum Gymnostethus,Kuwe Lilin,Turrum Gymnostethus,NGY,Demersal
Kuwe Lilin Tile - Caranx Tille,Kuwe Lilin Tile,Caranx Tille,NXT,Demersal
Kuwe Macan - Carangoides Fulvoguttatus,Kuwe Macan,Carangoides Fulvoguttatus,NGU,Demersal
Kuwe Macan - Turrum Fulvoguttatum,Kuwe Macan,Turrum Fulvoguttatum,NGU,Demersal
Kuwe Malabar - Platycaranx Malabaricus,Kuwe Malabar,Platycaranx Malabaricus,NGS,Demersal
Kuwe Mangali - Gnathanodon Speciosus,Kuwe Mangali,Gnathanodon Speciosus,GLT,Ikan Karang
Kuwe Mata Besar - Caranx Sexfasciatus,Kuwe Mata Besar,Caranx Sexfasciatus,CXS,Demersal
Kuwe Moncong - Platycaranx Chrysophrys,Kuwe Moncong,Platycaranx Chrysophrys,NGH,Demersal
Kuwe Moncong Bulat - Ferdauia Ferdau,Kuwe Moncong Bulat,Ferdauia Ferdau,CRF,Demersal
Kuwe Mulut Putih - Uraspis Uraspis,Kuwe Mulut Putih,Uraspis Uraspis,URU,Pelagis Kecil
Kuwe Oblong - Carangoides Oblongus,Kuwe Oblong,Carangoides Oblongus,NGO,Demersal
Kuwe Papua - Caranx Papuensis,Kuwe Papua,Caranx Papuensis,NXP,Demersal
Kuwe Pectoralf Sabit - Carangoides Platiotaenia,Kuwe Pectoralf Sabit,Carangoides Platiotaenia,,ikan karang
Kuwe Pektoral Sabit - Craterognathus Plagiotaenia,Kuwe Pektoral Sabit,Craterognathus Plagiotaenia,GSP,Demersal
Kuwe Pesek - Trachinotus Blochii,Kuwe Pesek,Trachinotus Blochii,POO,Demersal
Kuwe Punggung Coklat - Carangoides Praeustus,Kuwe Punggung Coklat,Carangoides Praeustus,GSA,Demersal
Kuwe Raja Hitam - Caranx Lugubris,Kuwe Raja Hitam,Caranx Lugubris,NXU,Demersal
Kuwe Rambut Panjang - Alectis Ciliaris,Kuwe Rambut Panjang,Alectis Ciliaris,LIJ,Demersal
Kuwe Rambut Pendek - Alectis Indica,Kuwe Rambut Pendek,Alectis Indica,LTD,Demersal
Kuwe Ramping - Carangoides Spp,Kuwe Ramping,Carangoides Spp,NGX,Demersal
Kuwe Rombeh - Alectis Indicus,Kuwe Rombeh,Alectis Indicus,,ikan karang
Kuwe Sirip Biru - Caranx Melampygus,Kuwe Sirip Biru,Caranx Melampygus,NXM,Demersal
Kuwe Sirip Kuning - Kaiwarinus Equula,Kuwe Sirip Kuning,Kaiwarinus Equula,NGQ,Demersal
Kuwe Sirip Kuning - Seriola Nigrofasciatus,Kuwe Sirip Kuning,Seriola Nigrofasciatus,,Ikan Karang
Kuwe Tengguli - Caranx Sem,Kuwe Tengguli,Caranx Sem,,Demersal
Kuwe Tutul Biru - Caranx Bucculentus,Kuwe Tutul Biru,Caranx Bucculentus,CXT,Demersal
Kuwe Tutul Oranye - Flavocaranx Bajad,Kuwe Tutul Oranye,Flavocaranx Bajad,NGJ,Demersal
Lais - Phalacronotus Micronemus,Lais,Phalacronotus Micronemus,KTD,Demersal
Lambe Kepala Titik Putih - Cheilinus Oxycephalus,Lambe Kepala Titik Putih,Cheilinus Oxycephalus,,ikan karang
Layang - Decapterus Spp,Layang,Decapterus Spp,SDX,Pelagis Kecil
Layang Anggur - Decapterus Kurroides,Layang Anggur,Decapterus Kurroides,DCK,Pelagis Kecil
Layang Benggol - Decapterus Russelli,Layang Benggol,Decapterus Russelli,RUS,Pelagis Kecil
Layang Biru - Decapterus Macarellus,Layang Biru,Decapterus Macarellus,MSD,Pelagis Kecil
Layang Deles - Decapterus Macrosoma,Layang Deles,Decapterus Macrosoma,DCC,Pelagis Kecil
Layang Ekor Merah - Decapterus Tabl,Layang Ekor Merah,Decapterus Tabl,DCT,Pelagis Kecil
Layang Jepang - Decapterus Maruadsi,Layang Jepang,Decapterus Maruadsi,RSA,Pelagis Kecil
Layaran Kuning - Heniochus Acuminatus,Layaran Kuning,Heniochus Acuminatus,HNM,Ikan Karang
Layur - Trichiurus Savala,Layur,Trichiurus Savala,,Demersal
Layur Hitam - Gempylus Serpens,Layur Hitam,Gempylus Serpens,GES,Ikan Karang
Layur Jogor - Lepturacanthus Savala,Layur Jogor,Lepturacanthus Savala,SVH,Demersal
Layur Kepala Besar - Trichiurus Lepturus,Layur Kepala Besar,Trichiurus Lepturus,LHT,Demersal
Layur Kepala Kecil - Eupleurogrammus Muticus,Layur Kepala Kecil,Eupleurogrammus Muticus,EGM,Demersal
Layur Merah - Zu Elongatus,Layur Merah,Zu Elongatus,ZUE,demersal
Lele Biru Salmon - Neoarius Graeffei,Lele Biru Salmon,Neoarius Graeffei,QKC,demersal
Lemadang - Coryphaena Hippurus,Lemadang,Coryphaena Hippurus,DOL,Pelagis Besar
Lemah - Lectarius Lactarius,Lemah,Lectarius Lactarius,,pelagic neritic
Lemuru - Sardinella Lemuru,Lemuru,Sardinella Lemuru,SAM,Pelagis Kecil
Lemuru - Sardinella Longiceps,Lemuru,Sardinella Longiceps,IOS,Pelagis Kecil
Lencam - Gymnocranius Robinsoni,Lencam,Gymnocranius Robinsoni,,demersal
Lencam - Lethrinus Erythracanthus,Lencam,Lethrinus Erythracanthus,LXE,ikan karang
Lencam - Lethrinus Frenatus,Lencam,Lethrinus Frenatus,,Demersal
Lencam - Lethrinus Hypselopterus,Lencam,Lethrinus Hypselopterus,,Demersal
Lencam - Lethrinus Lentjan,Lencam,Lethrinus Lentjan,LTS,Demersal
Lencam - Lethrinus Mahsena,Lencam,Lethrinus Mahsena,LTQ,Demersal
Lencam - Lethrinus Variegatus,Lencam,Lethrinus Variegatus,LHV,ikan karang
Lencam - Lethrinus Xanthochilus,Lencam,Lethrinus Xanthochilus,LXN,Demersal
Lencam - Monotaxis Grandoculis,Lencam,Monotaxis Grandoculis,MXG,ikan karang
Lencam - Platax Pinnatus,Lencam,Platax Pinnatus,IET,Demersal
Lencam Ambon - Lethrinus Amboinensis,Lencam Ambon,Lethrinus Amboinensis,LLB,Demersal
Lencam Bibir Manis - Lethrinus Nebulosus,Lencam Bibir Manis,Lethrinus Nebulosus,LHN,Demersal
Lencam Bintik Biru - Gymnocranius Microdon,Lencam Bintik Biru,Gymnocranius Microdon,,Demersal
Lencam Bulan-Bulan - Lethrinus Rubrioperculatus,Lencam Bulan-Bulan,Lethrinus Rubrioperculatus,LHB,Ikan Karang
Lencam Garis Biru - Gymnocranius Grandoculis,Lencam Garis Biru,Gymnocranius Grandoculis,GMW,Demersal
Lencam Gigi Kecil - Lethrinus Microdon,Lencam Gigi Kecil,Lethrinus Microdon,LEN,Demersal
Lencam Lamun - Lethrinus Laticaudis,Lencam Lamun,Lethrinus Laticaudis,LTI,Demersal
Lencam Matahari - Lethrinus Ornatus,Lencam Matahari,Lethrinus Ornatus,LQO,Demersal
Lencam Moncong - Lethrinus Olivaceus,Lencam Moncong,Lethrinus Olivaceus,LHO,Demersal
Lencam Mosambic - Wattsia Mossambica,Lencam Mosambic,Wattsia Mossambica,WTM,Ikan Karang
Lencam Pasir - Gymnocranius Elongatus,Lencam Pasir,Gymnocranius Elongatus,KKB,Demersal
Lencam Pasir Mata Besar - Gymnocranius Griseus,Lencam Pasir Mata Besar,Gymnocranius Griseus,GMR,Demersal
Lencam Sirip Panjang - Lethrinus Erythropterus,Lencam Sirip Panjang,Lethrinus Erythropterus,LTY,Demersal
Lencam Terompet - Lethrinus Miniatus,Lencam Terompet,Lethrinus Miniatus,LHI,Pelagis Kecil
Lencang Kuning - Heniochus Diphreutes,Lencang Kuning,Heniochus Diphreutes,,Ikan Karang
Lencang Kuning - Heniochus Singularius,Lencang Kuning,Heniochus Singularius,KVS,Ikan Karang
Lepo Merah - Uranoscopus Cognatus,Lepo Merah,Uranoscopus Cognatus,,demersal
Lepo Merah - Uranoscopus Kaianus,Lepo Merah,Uranoscopus Kaianus,,demersal
Lepu Angin - Scorpaena Onaria,Lepu Angin,Scorpaena Onaria,,demersal
Lepu Barong - Sebastiscus Tertius,Lepu Barong,Sebastiscus Tertius,BZT,demersal
Lepu Batu - Scorpaena Izensis,Lepu Batu,Scorpaena Izensis,,demersal
Lepu Karang - Minous Coccineus,Lepu Karang,Minous Coccineus,MNO,demersal
Lepu Karang - Scorpaenopsis Diabolus,Lepu Karang,Scorpaenopsis Diabolus,,demersal
Lepu Lacy - Rhinopias Aphanes,Lepu Lacy,Rhinopias Aphanes,RIH,ikan karang
Lepu Orange-Banded - Neosebastes Entaxis,Lepu Orange-Banded,Neosebastes Entaxis,NNX,demersal
Lepu Papua - Scorpaenopsis Papuensis,Lepu Papua,Scorpaenopsis Papuensis,,ikan karang
Lepu Poss'S - Scorpaenopsis Possi,Lepu Poss'S,Scorpaenopsis Possi,,demersal
Lepu Ruddy - Pontinus Rhodochrous,Lepu Ruddy,Pontinus Rhodochrous,,demersal
Lepu Yellowspotted - Sebastapistes Cyanostigma,Lepu Yellowspotted,Sebastapistes Cyanostigma,,ikan karang
Lidah - Paralichthys Albigutta,Lidah,Paralichthys Albigutta,YSB,demersal
Lidah - Paraplagusia Blochii,Lidah,Paraplagusia Blochii,GSJ,Demersal
Lidah - Symphurus Microrhynchus,Lidah,Symphurus Microrhynchus,,demersal
Lidah - Synaptura Commersonnii,Lidah,Synaptura Commersonnii,,demersal
Lidah Hitam - Solea Solea,Lidah Hitam,Solea Solea,SOL,demersal
Lidah Jaring - Achirus Scutum,Lidah Jaring,Achirus Scutum,UTV,demersal
Lidah Ovate - Solea Ovata,Lidah Ovate,Solea Ovata,OAO,Demersal
Lidah Velvety - Brachirus Villosus,Lidah Velvety,Brachirus Villosus,,demersal
Lidah Zebra - Zebrias Altipinnis,Lidah Zebra,Zebrias Altipinnis,,demersal
Lobster - Homarus Americanus,Lobster,Homarus Americanus,LBA,binatang berkulit keras
Lobster - Homarus Gammarus,Lobster,Homarus Gammarus,LBE,binatang berkulit keras
Lobster - Ibacus Peronii,Lobster,Ibacus Peronii,IBE,binatang berkulit keras
Lobster - Jasus Edwardsii,Lobster,Jasus Edwardsii,LOR,binatang berkulit keras
Lobster - Puerulus Sewelli,Lobster,Puerulus Sewelli,URW,binatang berkulit keras
Lobster - Scylaroies Squamosus,Lobster,Scylaroies Squamosus,,Binatang Berkulit Keras
Lobster Bambu - Panulirus Versicolor,Lobster Bambu,Panulirus Versicolor,NUV,Binatang Berkulit Keras
Lobster Batik - Panulirus Femoristriga,Lobster Batik,Panulirus Femoristriga,ULB,binatang berkulit keras
Lobster Batik - Panulirus Longipes,Lobster Batik,Panulirus Longipes,LOJ,Binatang Berkulit Keras
Lobster Batu - Panulirus Penicillatus,Lobster Batu,Panulirus Penicillatus,NUP,Binatang Berkulit Keras
Lobster Kipas - Pambacus Caleodonicus,Lobster Kipas,Pambacus Caleodonicus,,binatang berkulit keras
Lobster Mutiara - Panulirus Ornatus,Lobster Mutiara,Panulirus Ornatus,NUR,Binatang Berkulit Keras
Lobster Norway - Nephrops Norvegicus,Lobster Norway,Nephrops Norvegicus,NEP,binatang berkulit keras
Lobster Pakistan - Panulirus Polyphagus,Lobster Pakistan,Panulirus Polyphagus,LMS,Binatang Berkulit Keras
Lobster Pasir - Panulirus Homarus,Lobster Pasir,Panulirus Homarus,LOK,Binatang Berkulit Keras
Lola - Rochia Nilotica,Lola,Rochia Nilotica,RQN,binatang lunak
Lola - Trochus Niloticus,Lola,Trochus Niloticus,RQN,Binatang Lunak
Lola Putih - Tectus Pyramis,Lola Putih,Tectus Pyramis,EQY,binatang lunak
Lolosi Biru - Caesio Caerulaurea,Lolosi Biru,Caesio Caerulaurea,CJC,Ikan Karang
Lolosi Papan - Caesio Erythrogaster,Lolosi Papan,Caesio Erythrogaster,,Ikan Karang
Lombok Swallowtail - Odontanthias Randalli,Lombok Swallowtail,Odontanthias Randalli,,ikan karang
Longfin Perchlet - Plectranthias Longimanus,Longfin Perchlet,Plectranthias Longimanus,,ikan karang
Lumba-Lumba Abu-Abu - Grampus Griseus,Lumba-Lumba Abu-Abu,Grampus Griseus,DRR,binatang air lainnya
Lumba-Lumba Abu-Abu - Tursiop Aduncus,Lumba-Lumba Abu-Abu,Tursiop Aduncus,,binatang air lainnya
Lumba-Lumba Bergaris - Stenella Coeruleoalba,Lumba-Lumba Bergaris,Stenella Coeruleoalba,DST,binatang air lainnya
Lumba-Lumba Biasa - Delphinus Delphis,Lumba-Lumba Biasa,Delphinus Delphis,DCO,binatang air lainnya
Lumba-Lumba Fraser - Lagenodelphis Hosei,Lumba-Lumba Fraser,Lagenodelphis Hosei,FRD,binatang air lainnya
Lumba-Lumba Gigi Kasar - Steno Bredanensis,Lumba-Lumba Gigi Kasar,Steno Bredanensis,RTD,binatang air lainnya
Lumba-Lumba Hidung Botol - Tursiops Truncatus,Lumba-Lumba Hidung Botol,Tursiops Truncatus,DBO,binatang air lainnya
Lumbalumba Hidung Botol Indopasifik - Tursiops Aduncus,Lumbalumba Hidung Botol Indopasifik,Tursiops Aduncus,DBZ,0
Lumba-Lumba Moncong Panjang - Delphinus Capensis,Lumba-Lumba Moncong Panjang,Delphinus Capensis,DCZ,binatang air lainnya
Lumba-Lumba Paruh Panjang - Stenella Longirostris,Lumba-Lumba Paruh Panjang,Stenella Longirostris,DSI,binatang air lainnya
Lumba-Lumba Paus Kanan - Lissodelphis Peronii,Lumba-Lumba Paus Kanan,Lissodelphis Peronii,RSW,binatang air lainnya
Lumba-Lumba Putih - Sausa Chinensis,Lumba-Lumba Putih,Sausa Chinensis,,pelagis besar
Lumba-Lumba Putih - Sousa Chinensis,Lumba-Lumba Putih,Sousa Chinensis,DHI,binatang air lainnya
Lumba-Lumba Tak Bersirip - Neophocaena Phocaenoides,Lumba-Lumba Tak Bersirip,Neophocaena Phocaenoides,PFI,binatang air lainnya
Lumba-Lumba Totol - Stenella Attenuata,Lumba-Lumba Totol,Stenella Attenuata,DPN,binatang air lainnya
Make - Herklotsichthys Quadrimaculatus,Make,Herklotsichthys Quadrimaculatus,HES,Pelagis Kecil
Makerel Blacksail Snake - Thyrsitoides Marleyi,Makerel Blacksail Snake,Thyrsitoides Marleyi,THM,Pelagis Besar
Makerel Kuda - Trachurus Trachurus,Makerel Kuda,Trachurus Trachurus,HOM,pelagis kecil
Makerel Pasifik - Scomber Japonicus,Makerel Pasifik,Scomber Japonicus,MAS,pelagis kecil
Makerel Ular; Makerel Roudi Escolar - Promethichthys Prometheus,Makerel Ular; Makerel Roudi Escolar,Promethichthys Prometheus,PRP,Pelagis Kecil
Mamar - Choerodon Oligacanthus,Mamar,Choerodon Oligacanthus,,ikan karang
Mandarin Benteguri - Repomucenus Beniteguri,Mandarin Benteguri,Repomucenus Beniteguri,,ikan karang
Mandarin Datar Kapuran - Repomucenus Richardsonii,Mandarin Datar Kapuran,Repomucenus Richardsonii,,ikan karang
Mangla - Heteropriacanthus Cruentatus,Mangla,Heteropriacanthus Cruentatus,HTU,Ikan Karang
Many-Banded Pipefish - Dunckerocampus Multiannulatus,Many-Banded Pipefish,Dunckerocampus Multiannulatus,,ikan karang
Manyung - Arius Spp,Manyung,Arius Spp,AWX,Demersal
Manyung - Plicofollis Cheilos,Manyung,Plicofollis Cheilos,,Demersal
Manyung Besar - Arius Thalassinus,Manyung Besar,Arius Thalassinus,AUX,Demersal
Manyung Duri - Arius Venosus,Manyung Duri,Arius Venosus,AUV,Demersal
Manyung Gagora - Arius Gagora,Manyung Gagora,Arius Gagora,,Demersal
Manyung Hitam - Plicofollis Dussumieri,Manyung Hitam,Plicofollis Dussumieri,AUD,Demersal
Manyung Jahal - Plicofollis Argyropleuron,Manyung Jahal,Plicofollis Argyropleuron,,Demersal
Manyung Kambing - Arius Sumatranus,Manyung Kambing,Arius Sumatranus,,Demersal
Manyung Kecil - Arius Utik,Manyung Kecil,Arius Utik,,Demersal
Manyung Otek - Plicofollis Tonggol,Manyung Otek,Plicofollis Tonggol,QRO,Demersal
Manyung Perunggu - Netuma Bilineata,Manyung Perunggu,Netuma Bilineata,AUT,Demersal
Manyung Pesek - Arius Subrostratus,Manyung Pesek,Arius Subrostratus,,Demersal
Manyung Pidada - Arius Maculatus,Manyung Pidada,Arius Maculatus,CAO,Demersal
Manyung Sirip Benang - Arius Arius,Manyung Sirip Benang,Arius Arius,AUI,Demersal
Manyung Sunda - Hexanematichthys Sagor,Manyung Sunda,Hexanematichthys Sagor,ASG,Demersal
Manyung Tupai - Arius Microcephalus,Manyung Tupai,Arius Microcephalus,,Demersal
Manyung Utik - Netuma Thalassina,Manyung Utik,Netuma Thalassina,AUX,Demersal
Marble-Mouthed Frogfish - Lophiocharon Lithinostomus,Marble-Mouthed Frogfish,Lophiocharon Lithinostomus,LHL,demersal
Marilyna Darwinii - Marilyna Darwinii,Marilyna Darwinii,Marilyna Darwinii,MYW,demersal
Mata Besar - Sebastolobus Alascanus,Mata Besar,Sebastolobus Alascanus,SJU,demersal
Mata Besar - Sebastolobus Macrochir,Mata Besar,Sebastolobus Macrochir,SJW,demersal
Mata Sebelah - Pseudorhombus Javanicus,Mata Sebelah,Pseudorhombus Javanicus,UHJ,Demersal
Maxweber'S Pipefish - Cosmocampus Maxweberi,Maxweber'S Pipefish,Cosmocampus Maxweberi,,ikan karang
Messmate Pipefish - Corythoichthys Haematopterus,Messmate Pipefish,Corythoichthys Haematopterus,DBY,ikan karang
Moa - Uroconger Lepturus,Moa,Uroconger Lepturus,CUL,demersal
Money Cowrie - Cypraea Moneta,Money Cowrie,Cypraea Moneta,,binatang lunak
Moorish Idol - Zanclus Cornutus,Moorish Idol,Zanclus Cornutus,ZAO,Ikan Karang
Mujaer Laut - Lobotes Surinamensis,Mujaer Laut,Lobotes Surinamensis,LOB,Demersal
Mungkus Giuris - Glossogobius Giuris,Mungkus Giuris,Glossogobius Giuris,GOU,Demersal
Myer'S Pipefish - Minyichthys Myersi,Myer'S Pipefish,Minyichthys Myersi,MIY,ikan karang
Napoleon - Cheilinus Undulatus,Napoleon,Cheilinus Undulatus,HVM,Ikan Karang
Napoleon Merah - Oxycheilinus Orientalis,Napoleon Merah,Oxycheilinus Orientalis,,Demersal
Nautilus Berongga - Nautilus Pompilius,Nautilus Berongga,Nautilus Pompilius,NUK,0
Nautilus Berongga - Nautilus Pompilus,Nautilus Berongga,Nautilus Pompilus,,binatang lunak
Nike - Sicyopterus Lagocephalus,Nike,Sicyopterus Lagocephalus,IYL,Pelagis Kecil
Nike Moncong Besar - Awaous Melanocephalus,Nike Moncong Besar,Awaous Melanocephalus,,Pelagis Besar
Nomei - Harpadon Nehereus,Nomei,Harpadon Nehereus,BUC,Demersal
Nudibranch - Phyllidia Coelestis,Nudibranch,Phyllidia Coelestis,,binatang lunak
Nudibranch - Phyllidia Varicosa,Nudibranch,Phyllidia Varicosa,,binatang lunak
Nuri-Nuri Cabang Tiga - Cheilinus Trilobatus,Nuri-Nuri Cabang Tiga,Cheilinus Trilobatus,HUU,Ikan Karang
Nuri-Nuri Keling - Thalassoma Trilobatum,Nuri-Nuri Keling,Thalassoma Trilobatum,,Ikan Karang
Nyunglas - Acanthocybium Solandri,Nyunglas,Acanthocybium Solandri,WAH,Pelagis Besar
Ocellated Waspfish - Apistus Carinatus,Ocellated Waspfish,Apistus Carinatus,AIA,demersal
Offshore Pipefish - Micrognathus Natans,Offshore Pipefish,Micrognathus Natans,,demersal
Opah - Lampris Guttatus,Opah,Lampris Guttatus,LAG,Pelagis Besar
Paitpait - Rhinobatos Jimbaranensis,Paitpait,Rhinobatos Jimbaranensis,,demersal
Pangkah - Ambassis Gymnocephalus,Pangkah,Ambassis Gymnocephalus,MBG,Demersal
Parang-Parang - Macrochirichthys Macrochirus,Parang-Parang,Macrochirichthys Macrochirus,MCO,Ikan Air Tawar
Pari - Dasyatis Cf Akajei,Pari,Dasyatis Cf Akajei,,demersal
Pari - Dasyatis Cf Annotata,Pari,Dasyatis Cf Annotata,,demersal
Pari - Dasyatis Zugei,Pari,Dasyatis Zugei,RDZ,Demersal
Pari - Himantura Chaophraya,Pari,Himantura Chaophraya,,demersal
Pari - Himantura Hortlei,Pari,Himantura Hortlei,,demersal
Pari - Okamejei Cf Boesemani,Pari,Okamejei Cf Boesemani,,demersal
Pari - Okamejei Cf Powelli,Pari,Okamejei Cf Powelli,,demersal
Pari - Plesiobatis Daviesi,Pari,Plesiobatis Daviesi,RPD,demersal
Pari Aer - Maculabatis Pastinacoides,Pari Aer,Maculabatis Pastinacoides,,Demersal
Pari Air Tawar - Potamotrygon Menchacai,Pari Air Tawar,Potamotrygon Menchacai,,demersal
Pari Babi - Taeniura Meyeni,Pari Babi,Taeniura Meyeni,RTE,Demersal
Pari Babi - Taeniurops Meyeni,Pari Babi,Taeniurops Meyeni,RTE,Demersal
Pari Bendera - Pastinachus Sephen,Pari Bendera,Pastinachus Sephen,DYP,Demersal
Pari Bendera 1 Mutiara - Pastinachus Solocirostris,Pari Bendera 1 Mutiara,Pastinachus Solocirostris,,Demersal
Pari Bendera 2 Mutiara - Pastinachus Gracilicaudus,Pari Bendera 2 Mutiara,Pastinachus Gracilicaudus,,Demersal
Pari Bertepi Pucat - Telatrygon Zugei,Pari Bertepi Pucat,Telatrygon Zugei,RDZ,Demersal
Pari Bintang - Himantura Gerrardi,Pari Bintang,Himantura Gerrardi,,demersal
Pari Bintang - Maculabatis Gerrardi,Pari Bintang,Maculabatis Gerrardi,DHG,Demersal
Pari Bintik - Urogymnus Granulatus,Pari Bintik,Urogymnus Granulatus,DHR,demersal
Pari Blentik - Neotrygon Orientalis,Pari Blentik,Neotrygon Orientalis,RDK,Demersal
Pari Boro - Dasyatis Cf Ushiei,Pari Boro,Dasyatis Cf Ushiei,,demersal
Pari Burung - Aetobatus Flagellum,Pari Burung,Aetobatus Flagellum,MAF,demersal
Pari Burung - Aetomylaeus Nichofii,Pari Burung,Aetomylaeus Nichofii,RYH,Demersal
Pari Burung - Rhinoptera Javanica,Pari Burung,Rhinoptera Javanica,MRJ,demersal
Pari Burung Bintik Putih - Aetomylaeus Maculatus,Pari Burung Bintik Putih,Aetomylaeus Maculatus,RYM,Demersal
Pari Burung Tutul - Aetobatus Narinari,Pari Burung Tutul,Aetobatus Narinari,MAE,Demersal
Pari Cingir - Pateobatis Bleekeri,Pari Cingir,Pateobatis Bleekeri,DHB,Demersal
Pari Cokelat - Dasyatis Teylandi,Pari Cokelat,Dasyatis Teylandi,,demersal
Pari Cucut - Rhinobatos Typus,Pari Cucut,Rhinobatos Typus,,demersal
Pari Duren - Urogymnus Asperrimus,Pari Duren,Urogymnus Asperrimus,RUA,Demersal
Pari Duri - Himantura Jenkinsii,Pari Duri,Himantura Jenkinsii,DHJ,Demersal
Pari Duri - Himantura Pastinacoides,Pari Duri,Himantura Pastinacoides,,demersal
Pari Duri - Pateobatis Jenkinsii,Pari Duri,Pateobatis Jenkinsii,DHJ,Demersal
Pari Elang - Aetomylaeus Vespertilio,Pari Elang,Aetomylaeus Vespertilio,RYE,demersal
Pari Elang - Myliobatis Tobijei,Pari Elang,Myliobatis Tobijei,MYJ,demersal
Pari Elang - Rhinoptera Spp,Pari Elang,Rhinoptera Spp,,demersal
Pari Gergaji - Pristis Pristis,Pari Gergaji,Pristis Pristis,RPR,Demersal
Pari Gergaji Hijau - Pristis Zijsron,Pari Gergaji Hijau,Pristis Zijsron,RPZ,0
Pari Gergaji Kerdil - Pristis Clavata,Pari Gergaji Kerdil,Pristis Clavata,RPC,0
Pari Gergaji Lancip - Anoxypristis Cuspidata,Pari Gergaji Lancip,Anoxypristis Cuspidata,RPA,0
Pari Gitar - Rhinobatos Penggali,Pari Gitar,Rhinobatos Penggali,,demersal
Pari Gitar - Rhinobatos Thouin,Pari Gitar,Rhinobatos Thouin,,demersal
Pari Hidung - Dasyatis Spp,Pari Hidung,Dasyatis Spp,STI,Demersal
Pari Hidung Sekop - Aptychotrema Rostrata,Pari Hidung Sekop,Aptychotrema Rostrata,RAR,Demersal
Pari Hidung Sekop - Rhinobatos Spp,Pari Hidung Sekop,Rhinobatos Spp,GUZ,Demersal
Pari Kai - Urolophus Kaianus,Pari Kai,Urolophus Kaianus,RTK,demersal
Pari Kampret - Gymnura Micrura,Pari Kampret,Gymnura Micrura,RGI,Demersal
Pari Kekeh - Rhynchobatus Djiddensis,Pari Kekeh,Rhynchobatus Djiddensis,RCD,Demersal
Pari Kekeh Australia - Rhynchobatus Australiae,Pari Kekeh Australia,Rhynchobatus Australiae,RCA,Demersal
Pari Kekeh Spingeri - Rhynchobatus Springeri,Pari Kekeh Spingeri,Rhynchobatus Springeri,RZR,Demersal
Pari Kelapa - Pastinachus Ater,Pari Kelapa,Pastinachus Ater,,Demersal
Pari Kelapa - Trygon Sephen,Pari Kelapa,Trygon Sephen,,Demersal
Pari Kelelawar - Dipturus Spp,Pari Kelelawar,Dipturus Spp,,demersal
Pari Kelelawar - Gymnura Japanica,Pari Kelelawar,Gymnura Japanica,,demersal
Pari Kelelawar - Mobula Spp,Pari Kelelawar,Mobula Spp,RMV,Demersal
Pari Kelelawar Batik - Gymnura Japonica,Pari Kelelawar Batik,Gymnura Japonica,RGJ,Demersal
Pari Kelelawar Berduri - Gymnura Zonura,Pari Kelelawar Berduri,Gymnura Zonura,RGZ,Demersal
Pari Kelelawar Bintik - Gymnura Poecilura,Pari Kelelawar Bintik,Gymnura Poecilura,RGP,Demersal
Pari Kembang - Dasyatis Kuhlii,Pari Kembang,Dasyatis Kuhlii,,Demersal
Pari Kembang - Neotrygon Kuhlii,Pari Kembang,Neotrygon Kuhlii,RDK,Demersal
Pari Kembang - Taeniura Lymma,Pari Kembang,Taeniura Lymma,RTY,Demersal
Pari Kupu-Kupu - Rhina Ancylostoma,Pari Kupu-Kupu,Rhina Ancylostoma,RRY,Demersal
Pari Lemer - Dasyatis Violacea,Pari Lemer,Dasyatis Violacea,,Demersal
Pari Lemer - Pteroplatytrygon Violacea,Pari Lemer,Pteroplatytrygon Violacea,PLS,Demersal
Pari Listrik - Narcine Spp,Pari Listrik,Narcine Spp,,demersal
Pari Macan - Himantura Fava,Pari Macan,Himantura Fava,,demersal
Pari Macan - Himantura Uarnak,Pari Macan,Himantura Uarnak,DHV,Demersal
Pari Manta Besar - Mobula Birostris,Pari Manta Besar,Mobula Birostris,RMB,Demersal
Pari Manta Karang - Manta Alfredi,Pari Manta Karang,Manta Alfredi,,demersal
Pari Manta Karang - Mobula Alfredi,Pari Manta Karang,Mobula Alfredi,RMA,Demersal
Pari Manta Oseanik - Manta Birostris,Pari Manta Oseanik,Manta Birostris,,demersal
Pari Merica - Himantura Undulata,Pari Merica,Himantura Undulata,DHL,Demersal
Pari Minyak - Himantura Fai,Pari Minyak,Himantura Fai,,demersal
Pari Mobula - Mobula Japanica,Pari Mobula,Mobula Japanica,,demersal
Pari Mobula - Mobula Kuhlii,Pari Mobula,Mobula Kuhlii,RMK,Demersal
Pari Mobula - Mobula Tarapacana,Pari Mobula,Mobula Tarapacana,RMT,demersal
Pari Mobula - Mobula Thurstoni,Pari Mobula,Mobula Thurstoni,RMO,demersal
Pari Muara - Hemitrygon Spp,Pari Muara,Hemitrygon Spp,RDF,Pelagis Besar
Pari Pasung - Himantura Uarnacoides,Pari Pasung,Himantura Uarnacoides,,demersal
Pari Pasung - Pateobatis Uarnacoides,Pari Pasung,Pateobatis Uarnacoides,,Demersal
Pari Plain Maskray - Neotrygon Annotata,Pari Plain Maskray,Neotrygon Annotata,RDN,Pelagis Besar
Pari Sapi - Dasyatis Microps,Pari Sapi,Dasyatis Microps,,demersal
Pari Tanjung - Brevitrygon Imbricata,Pari Tanjung,Brevitrygon Imbricata,DHM,Demersal
Pari Tembaga - Pateobatis Fai,Pari Tembaga,Pateobatis Fai,DHF,Demersal
Pari Toka-Toka - Brevitrygon Heterura,Pari Toka-Toka,Brevitrygon Heterura,,Demersal
Pari Tutul - Himantura Toshi,Pari Tutul,Himantura Toshi,,demersal
Pasir-Pasir Bergaris - Scolopsis Lineata,Pasir-Pasir Bergaris,Scolopsis Lineata,NQG,Ikan Karang
Pasir-Pasir Dua Garis - Scolopsis Bilineata,Pasir-Pasir Dua Garis,Scolopsis Bilineata,NSC,Ikan Karang
Pasir-Pasir Mutiara - Scolopsis Margaritifera,Pasir-Pasir Mutiara,Scolopsis Margaritifera,,Ikan Karang
Pasir-Pasir Pelangi - Scolopsis Monogramma,Pasir-Pasir Pelangi,Scolopsis Monogramma,NSO,Ikan Karang
Pasir-Pasir Strip Kuning - Scolopsis Aurata,Pasir-Pasir Strip Kuning,Scolopsis Aurata,JBI,Ikan Karang
Patin - Pangasius Pangasius,Patin,Pangasius Pangasius,PGP,Ikan Air Tawar
Paus Bergigi Blainveel - Mesoplodon Densirostris,Paus Bergigi Blainveel,Mesoplodon Densirostris,BBW,binatang air lainnya
Paus Bergigi Ginko - Mesoplodon Ginkgodens,Paus Bergigi Ginko,Mesoplodon Ginkgodens,TGW,binatang air lainnya
Paus Bergigi Sekop - Indopacetus Pacificus,Paus Bergigi Sekop,Indopacetus Pacificus,BNW,binatang air lainnya
Paus Biru - Balaenoptera Musculus,Paus Biru,Balaenoptera Musculus,BLW,binatang air lainnya
Paus Bongkok - Megaptera Novaeangliae,Paus Bongkok,Megaptera Novaeangliae,HUW,Pelagis Besar
Paus Bryde - Balaenoptera Brydei,Paus Bryde,Balaenoptera Brydei,,binatang air lainnya
Paus Bryde - Balaenoptera Edeni,Paus Bryde,Balaenoptera Edeni,BRW,binatang air lainnya
Paus Gembala Laut - Balaenoptera Omurai,Paus Gembala Laut,Balaenoptera Omurai,BXO,binatang air lainnya
Paus Kepala Melon - Peponocephala Electra,Paus Kepala Melon,Peponocephala Electra,MEW,binatang air lainnya
Paus Kepala Semangka - Pephonacephala Electra,Paus Kepala Semangka,Pephonacephala Electra,,pelagis besar
Paus Minke - Balaenoptera Acutorostrata,Paus Minke,Balaenoptera Acutorostrata,MIW,binatang air lainnya
Paus Minke Antartika - Balaenoptera Bonaerensis,Paus Minke Antartika,Balaenoptera Bonaerensis,BFW,binatang air lainnya
Paus Paruh Curvier - Ziphius Cavirostris,Paus Paruh Curvier,Ziphius Cavirostris,BCW,binatang air lainnya
Paus Pemandu Sirip Pendek - Globicephala Macrorhynchus,Paus Pemandu Sirip Pendek,Globicephala Macrorhynchus,SHW,binatang air lainnya
Paus Pembunuh - Orcinus Orca,Paus Pembunuh,Orcinus Orca,KIW,binatang air lainnya
Paus Pembunuh Kerdil - Feresa Attenuata,Paus Pembunuh Kerdil,Feresa Attenuata,KPW,binatang air lainnya
Paus Pembunuh Palsu - Pseudorca Crassidens,Paus Pembunuh Palsu,Pseudorca Crassidens,FAW,binatang air lainnya
Paus Sei - Balaenoptera Borealis,Paus Sei,Balaenoptera Borealis,SIW,binatang air lainnya
Paus Sirip - Balaenoptera Physalus,Paus Sirip,Balaenoptera Physalus,FIW,binatang air lainnya
Paus Sperma - Physeter Macrocephalus,Paus Sperma,Physeter Macrocephalus,SPW,binatang air lainnya
Paus Sperma Kerdil - Kogia Sima,Paus Sperma Kerdil,Kogia Sima,DWW,binatang air lainnya
Paus Sperma Kogia - Kogia Breviceps,Paus Sperma Kogia,Kogia Breviceps,PYW,binatang air lainnya
Paut-Paut - Grammoplites Scaber,Paut-Paut,Grammoplites Scaber,GVM,Demersal
Pe Sapi - Himantura Granulata,Pe Sapi,Himantura Granulata,,demersal
Pelo - Iniistius Dea,Pelo,Iniistius Dea,,demersal
Pelo - Iniistius Twistii,Pelo,Iniistius Twistii,,demersal
Pelo - Oxycheilinus Digramma,Pelo,Oxycheilinus Digramma,OVJ,ikan karang
Penginang - Tetrosomus Reipublicae,Penginang,Tetrosomus Reipublicae,,demersal
Penyu Anjing - Caretta Caretta,Penyu Anjing,Caretta Caretta,TTL,lainnya
Penyu Belimbing - Dermochelys Coriacea,Penyu Belimbing,Dermochelys Coriacea,DKK,lainnya
Penyu Hijau - Chelonia Mydas,Penyu Hijau,Chelonia Mydas,TUG,lainnya
Penyu Lumpur - Lepidochelys Olivacea,Penyu Lumpur,Lepidochelys Olivacea,LKV,lainnya
Penyu Punggung - Natator Depressus,Penyu Punggung,Natator Depressus,FBT,lainnya
Penyu Sisik - Eretmochelys Imbricata,Penyu Sisik,Eretmochelys Imbricata,TTH,lainnya
Peperek - Leiognathus Berbis,Peperek,Leiognathus Berbis,,Demersal
Peperek - Leiognathus Leuciscus,Peperek,Leiognathus Leuciscus,LCZ,Demersal
Peperek - Leiognathus Spp,Peperek,Leiognathus Spp,POY,Demersal
Peperek Bondolan - Leiognathus Bindus,Peperek Bondolan,Leiognathus Bindus,LCV,Demersal
Peperek Bondolan - Photopectoralis Bindus,Peperek Bondolan,Photopectoralis Bindus,LCV,Demersal
Peperek Cambuk - Equulites Leuciscus,Peperek Cambuk,Equulites Leuciscus,LCZ,Demersal
Peperek China - Eubleekeria Splendens,Peperek China,Eubleekeria Splendens,LGP,Demersal
Peperek China - Leiognathus Splendens,Peperek China,Leiognathus Splendens,,Demersal
Peperek Decorated - Nuchequula Gerreoides,Peperek Decorated,Nuchequula Gerreoides,KZL,Demersal
Peperek Lonjong - Equulites Elongatus,Peperek Lonjong,Equulites Elongatus,KZK,Demersal
Peperek Minuta - Gazza Minuta,Peperek Minuta,Gazza Minuta,GZM,Demersal
Peperek Petah - Equulites Berbis,Peperek Petah,Equulites Berbis,,Demersal
Peperek Topang - Leiognathus Equula,Peperek Topang,Leiognathus Equula,LGE,Demersal
Peperek Topang - Leiognathus Equulus,Peperek Topang,Leiognathus Equulus,LGE,Demersal
Peperek Zigzag - Leiognathus Moretoniensis,Peperek Zigzag,Leiognathus Moretoniensis,,demersal
Permit - Trachinotus Falcatus,Permit,Trachinotus Falcatus,TNF,Ikan Karang
Pesut Mahakam - Orcaella Brevirostris,Pesut Mahakam,Orcaella Brevirostris,IRD,binatang air lainnya
Petek - Aurigequula Fasciata,Petek,Aurigequula Fasciata,LGS,Demersal
Petek - Equulites Laterofenestra,Petek,Equulites Laterofenestra,FXD,Pelagis Kecil
Petek - Secutor Indicius,Petek,Secutor Indicius,,demersal
Petek Jones - Eubleekeria Jonesi,Petek Jones,Eubleekeria Jonesi,,demersal
Petek Ovoid - Gazza Dentex,Petek Ovoid,Gazza Dentex,,demersal
Petek Papua - Eubleekeria Rapsoni,Petek Papua,Eubleekeria Rapsoni,,demersal
Petek Pugnose - Secutor Insidiator,Petek Pugnose,Secutor Insidiator,UTI,Demersal
Pigfish Australia - Bodianus Vulpinus,Pigfish Australia,Bodianus Vulpinus,BZV,ikan karang
Pink Salmon - Oncorhynchus Mykiss,Pink Salmon,Oncorhynchus Mykiss,TRR,pelagis
Pink Squirrelfish - Sargocentron Tiereoides,Pink Squirrelfish,Sargocentron Tiereoides,,ikan karang
Pipa Bertutul Banyak - Corythoichthys Polynotatus,Pipa Bertutul Banyak,Corythoichthys Polynotatus,,ikan karang
Pipa Jamur Karang - Siokunichthys Nigrolineatus,Pipa Jamur Karang,Siokunichthys Nigrolineatus,,ikan karang
Pipa Karang Lunak - Siokunichthys Breviceps,Pipa Karang Lunak,Siokunichthys Breviceps,,ikan karang
Pipa Moncong Berduri - Halicampus Spinirostris,Pipa Moncong Berduri,Halicampus Spinirostris,,ikan karang
Pipa Mutiara - Halicampus Macrorhynchus,Pipa Mutiara,Halicampus Macrorhynchus,,ikan karang
Pisang-Pisang - Caesio Chrysozonus,Pisang-Pisang,Caesio Chrysozonus,,Ikan Karang
Pisang-Pisang - Paracaesio Sordida,Pisang-Pisang,Paracaesio Sordida,,ikan karang
Pisang-Pisang - Pterocaesio Diagramma,Pisang-Pisang,Pterocaesio Diagramma,,ikan karang
Pisang-Pisang - Pterocaesio Trilineata,Pisang-Pisang,Pterocaesio Trilineata,,ikan karang
Pisang-Pisang Apui - Dipterygonotus Balteatus,Pisang-Pisang Apui,Dipterygonotus Balteatus,DTB,Pelagis Kecil
Pisang-Pisang Bencong - Paracaesio Gonzalesi,Pisang-Pisang Bencong,Paracaesio Gonzalesi,LRG,Pelagis Kecil
Pisang-Pisang Bergaris Biru - Pterocaesio Tile,Pisang-Pisang Bergaris Biru,Pterocaesio Tile,UDK,Ikan Karang
Pisang-Pisang Dua Garis Kuning - Pterocaesio Digramma,Pisang-Pisang Dua Garis Kuning,Pterocaesio Digramma,TED,Ikan Karang
Pisang-Pisang Mata Besar - Paracaesio Stonei,Pisang-Pisang Mata Besar,Paracaesio Stonei,LWR,Ikan Karang
Pisang-Pisang Paralolosi - Paracaesio Kusakarii,Pisang-Pisang Paralolosi,Paracaesio Kusakarii,LRK,Ikan Karang
Pisang-Pisang Satu Garis - Pterocaesio Tessellata,Pisang-Pisang Satu Garis,Pterocaesio Tessellata,TET,Ikan Karang
Pisang-Pisang Sulir - Paracaesio Xanthura,Pisang-Pisang Sulir,Paracaesio Xanthura,LRX,Ikan Karang
Pisang-Pisang Tompel Kuning - Pterocaesio Randalli,Pisang-Pisang Tompel Kuning,Pterocaesio Randalli,,Ikan Karang
Pisang-Pisang Ujung Hitam - Pterocaesio Chrysozona,Pisang-Pisang Ujung Hitam,Pterocaesio Chrysozona,TEC,Ikan Karang
Pisang-Pisang Ujung Merah - Pterocaesio Pisang,Pisang-Pisang Ujung Merah,Pterocaesio Pisang,TEI,Ikan Karang
Pisau-Pisau Turik - Centriscus Scutatus,Pisau-Pisau Turik,Centriscus Scutatus,FHS,Demersal
Polip Cengkeh Putih - Clavularia Inflata,Polip Cengkeh Putih,Clavularia Inflata,,ikan karang
Polip Kuning - Parazoanthus Gracilis,Polip Kuning,Parazoanthus Gracilis,,ikan karang
Poreface Longfin - Plesiops Facicavus,Poreface Longfin,Plesiops Facicavus,,ikan karang
Pukat - Strombus Canarium,Pukat,Strombus Canarium,,binatang lunak
Puput Lebar - Ilisha Melastoma,Puput Lebar,Ilisha Melastoma,PIE,Pelagis Kecil
Puput Lonjong - Ilisha Elongata,Puput Lonjong,Ilisha Elongata,EIL,Pelagis Kecil
Raja Laut - Latimeria Menadoensis,Raja Laut,Latimeria Menadoensis,,demersal
Rajungan - Portunus Hastatus,Rajungan,Portunus Hastatus,,Binatang Berkulit Keras
Rajungan - Portunus Spp,Rajungan,Portunus Spp,CRS,Binatang Berkulit Keras
Rajungan Angin - Podophthalmus Vigil,Rajungan Angin,Podophthalmus Vigil,ODV,Binatang Berkulit Keras
Rajungan Biasa - Portunus Pelagicus,Rajungan Biasa,Portunus Pelagicus,SCD,Binatang Berkulit Keras
Rajungan Biasa; Rajungan Bunga - Xiphonectes Hastatoides,Rajungan Biasa; Rajungan Bunga,Xiphonectes Hastatoides,,Binatang Berkulit Keras
Rajungan Bintang - Portunus Sanguinolentus,Rajungan Bintang,Portunus Sanguinolentus,UNG,Binatang Berkulit Keras
Rajungan Gazami - Portunus Trituberculatus,Rajungan Gazami,Portunus Trituberculatus,GAZ,Binatang Berkulit Keras
Rajungan Hijau - Thalamita Crenata,Rajungan Hijau,Thalamita Crenata,TLK,Binatang Berkulit Keras
Rajungan Salib - Charybdis Feriatus,Rajungan Salib,Charybdis Feriatus,KHF,binatang berkulit keras
Rangginan Bigscale - Myripristis Berndti,Rangginan Bigscale,Myripristis Berndti,YJW,Ikan Karang
Rangginan Blackspot - Sargocentron Melanospilos,Rangginan Blackspot,Sargocentron Melanospilos,,ikan karang
Rangginan Crown - Sargocentron Diadema,Rangginan Crown,Sargocentron Diadema,HWD,Ikan Karang
Rangginan Doubletooth - Myripristis Hexagona,Rangginan Doubletooth,Myripristis Hexagona,YKB,demersal
Rangginan Spotfin - Neoniphon Sammara,Rangginan Spotfin,Neoniphon Sammara,NHS,Ikan Karang
Rao'S Dartfish - Parioglossus Raoi,Rao'S Dartfish,Parioglossus Raoi,IEK,ikan karang
Redbarred Sandperch - Parapercis Multiplicata,Redbarred Sandperch,Parapercis Multiplicata,,ikan karang
Redspot Dartfish - Ptereleotris Rubristigma,Redspot Dartfish,Ptereleotris Rubristigma,,ikan karang
Rejung Berduri Tebal - Sillaginopodys Chondropus,Rejung Berduri Tebal,Sillaginopodys Chondropus,IIU,Demersal
Rejung Bersisik Lebar - Sillaginops Macrolepis,Rejung Bersisik Lebar,Sillaginops Macrolepis,,Demersal
Rejung Kepala Pipih - Sillaginopsis Panijus,Rejung Kepala Pipih,Sillaginopsis Panijus,SIJ,Demersal
Rejung Perak - Sillago Sihama,Rejung Perak,Sillago Sihama,ILS,Demersal
Rejung Trompet - Sillago Aeolus,Rejung Trompet,Sillago Aeolus,,Demersal
Remang - Congresox Talabon,Remang,Congresox Talabon,MCB,Demersal
Remang - Gymnothorax Spp,Remang,Gymnothorax Spp,AXZ,Demersal
Remang Nanas - Acanthocepola Krusensternii,Remang Nanas,Acanthocepola Krusensternii,DZC,Demersal
Remang Putih - Gymnothorax Undulatus,Remang Putih,Gymnothorax Undulatus,AMZ,Demersal
Remis - Meretrix Meretrix,Remis,Meretrix Meretrix,HCA,Binatang Lunak
Remis - Meritix Meritix,Remis,Meritix Meritix,,Binatang Lunak
Remis - Perna Canaliculus,Remis,Perna Canaliculus,MUZ,binatang lunak
Remora - Remora Albescens,Remora,Remora Albescens,RRL,demersal
Remora - Remora Australis,Remora,Remora Australis,,pelagis kecil
Remora - Remora Brachyptera,Remora,Remora Brachyptera,REY,pelagis kecil
Remora - Remora Remora,Remora,Remora Remora,REO,demersal
Rengganis - Pentaprion Longimanus,Rengganis,Pentaprion Longimanus,PJL,Demersal
Ringan; Mata Ulo - Psammoperca Waigiensis,Ringan; Mata Ulo,Psammoperca Waigiensis,PWG,Binatang Lunak
Ringed Toadfish - Omegophora Armilla,Ringed Toadfish,Omegophora Armilla,OFR,demersal
Roket Lempeng - Oxymetopon Cyanoctenosum,Roket Lempeng,Oxymetopon Cyanoctenosum,,ikan karang
Ruby Snapper - Plagiogeneion Rubiginosum,Ruby Snapper,Plagiogeneion Rubiginosum,RYG,demersal
Rumput Laut - Caulerpa Lentillifera,Rumput Laut,Caulerpa Lentillifera,KQE,tumbuhan air lainnya
Rumput Laut - Caulerpa Sertularioides,Rumput Laut,Caulerpa Sertularioides,KQT,tumbuhan air lainnya
Rumput Laut - Cymodocea Serrulata,Rumput Laut,Cymodocea Serrulata,,tumbuhan air lainnya
Rumput Laut - Euchema Denticulatum,Rumput Laut,Euchema Denticulatum,,tumbuhan air lainnya
Rumput Laut - Eucheuma Cottonii,Rumput Laut,Eucheuma Cottonii,EMC,Tanaman Air
Rumput Laut - Eucheuma Spinosum,Rumput Laut,Eucheuma Spinosum,,Tanaman Air
Rumput Laut - Gelidium Cartilagineum,Rumput Laut,Gelidium Cartilagineum,,tumbuhan air lainnya
Rumput Laut - Gelidium Corneum,Rumput Laut,Gelidium Corneum,GEQ,tumbuhan air lainnya
Rumput Laut - Gelidium Crinale,Rumput Laut,Gelidium Crinale,GJC,tumbuhan air lainnya
Rumput Laut - Gelidium Pannosum,Rumput Laut,Gelidium Pannosum,,tumbuhan air lainnya
Rumput Laut - Gelidium Pusilium,Rumput Laut,Gelidium Pusilium,,tumbuhan air lainnya
Rumput Laut - Gelidium Rigidum,Rumput Laut,Gelidium Rigidum,,tumbuhan air lainnya
Rumput Laut - Gracilaria Spp,Rumput Laut,Gracilaria Spp,GLS,Tanaman Air
Rumput Laut - Gracilariopsis Longissima,Rumput Laut,Gracilariopsis Longissima,GXO,tumbuhan air lainnya
Rumput Laut - Hydropuntia Edulis,Rumput Laut,Hydropuntia Edulis,GKI,tumbuhan air lainnya
Rumput Laut - Kappaphycus Striatum,Rumput Laut,Kappaphycus Striatum,,tumbuhan air lainnya
Rumput Laut - Portiteria Hornemannii,Rumput Laut,Portiteria Hornemannii,,tumbuhan air lainnya
Rumput Laut - Sargassum Aquofilum,Rumput Laut,Sargassum Aquofilum,,tumbuhan air lainnya
Rumput Laut - Sargassum Crassifolium,Rumput Laut,Sargassum Crassifolium,,tumbuhan air lainnya
Rumput Laut - Sargassum Duplicatum,Rumput Laut,Sargassum Duplicatum,,tumbuhan air lainnya
Rumput Laut - Sargassum Echinocarpum,Rumput Laut,Sargassum Echinocarpum,,tumbuhan air lainnya
Rumput Laut - Sargassum Gracillimun,Rumput Laut,Sargassum Gracillimun,,tumbuhan air lainnya
Rumput Laut - Sargassum Histrix,Rumput Laut,Sargassum Histrix,,tumbuhan air lainnya
Rumput Laut - Sargassum Macrophyllum,Rumput Laut,Sargassum Macrophyllum,,tumbuhan air lainnya
Rumput Laut - Sargassum Obtusifolium,Rumput Laut,Sargassum Obtusifolium,FIR,tumbuhan air lainnya
Rumput Laut - Sargassum Policystum,Rumput Laut,Sargassum Policystum,,tumbuhan air lainnya
Rumput Laut - Sargassum Polyceratium,Rumput Laut,Sargassum Polyceratium,,tumbuhan air lainnya
Rumput Laut - Sargassum Spp,Rumput Laut,Sargassum Spp,QWX,Tanaman Air
Rumput Laut - Sargassum Vulgare,Rumput Laut,Sargassum Vulgare,RGV,tumbuhan air lainnya
Rumput Laut - Turbinaria Frondens,Rumput Laut,Turbinaria Frondens,,tumbuhan air lainnya
Rumput Laut - Ulva Lactuca,Rumput Laut,Ulva Lactuca,UVU,tumbuhan air lainnya
Rumput Laut Acanthophora Spicifera - Acanthophora Spicifera,Rumput Laut Acanthophora Spicifera,Acanthophora Spicifera,KHI,Tanaman Air
Rumput Laut Alga Merah - Gelidium Amansii,Rumput Laut Alga Merah,Gelidium Amansii,GDY,tumbuhan air lainnya
Rumput Laut Boeloeng - Gracilaria Salicornia,Rumput Laut Boeloeng,Gracilaria Salicornia,GKK,tumbuhan air lainnya
Rumput Laut Kotoni - Kappaphycus Alvarezii,Rumput Laut Kotoni,Kappaphycus Alvarezii,EMA,tumbuhan air lainnya
Rumput Laut Merah - Hypnea Musciformis,Rumput Laut Merah,Hypnea Musciformis,YNF,tumbuhan air lainnya
Rumput Laut Sargassum Muticum - Sargassum Muticum,Rumput Laut Sargassum Muticum,Sargassum Muticum,GVS,Tanaman Air
Rumput Rantai - Halimeda Opuntia,Rumput Rantai,Halimeda Opuntia,,tumbuhan air lainnya
Salmon Bungkuk - Oncorhynchus Gorbuscha,Salmon Bungkuk,Oncorhynchus Gorbuscha,PIN,pelagis
Salmon Chum - Oncorhynchus Keta,Salmon Chum,Oncorhynchus Keta,CHU,pelagis
Samgeh - Coelorinchus spinifer,Samgeh,Coelorinchus spinifer,,
Samoan Pipefish - Halicampus Mataafae,Samoan Pipefish,Halicampus Mataafae,,ikan karang
Samurai Squirrelfish - Sargocentron Ittodai,Samurai Squirrelfish,Sargocentron Ittodai,,ikan karang
Sangko - Thryssa Mystax,Sangko,Thryssa Mystax,EYY,pelagis kecil
Sarden - Chirocentru Dorab,Sarden,Chirocentru Dorab,,pelagis kecil
Sarden - Clupea Harengus,Sarden,Clupea Harengus,HER,pelagis kecil
Sarden - Clupea Pallasii Pallasii,Sarden,Clupea Pallasii Pallasii,,pelagis kecil
Sarden - Dussumeria Elopsoides,Sarden,Dussumeria Elopsoides,,pelagis kecil
Sarden - Herklotsichthys Dispilonotus,Sarden,Herklotsichthys Dispilonotus,HKD,pelagis kecil
Sarden - Opisthopterus Tardoore,Sarden,Opisthopterus Tardoore,PHT,pelagis kecil
Sarden - Spratelloides Delicatulus,Sarden,Spratelloides Delicatulus,SPD,pelagis kecil
Sarden European Pilchard - Sardina Pilchardus,Sarden European Pilchard,Sardina Pilchardus,PIL,Pelagis Besar
Sarden Jepang - Sardinella Zunasi,Sarden Jepang,Sardinella Zunasi,JSS,pelagis kecil
Schultz'S Pipefish - Corythoichthys Schultzi,Schultz'S Pipefish,Corythoichthys Schultzi,,ikan karang
Sculptured Pipefish - Choeroichthys Sculptus,Sculptured Pipefish,Choeroichthys Sculptus,,ikan karang
Sebelah - Arnoglossus Macrolophus,Sebelah,Arnoglossus Macrolophus,,demersal
Sebelah - Asterorhombus Intermedius,Sebelah,Asterorhombus Intermedius,,ikan karang
Sebelah - Grammatobothus Polyophthalmus,Sebelah,Grammatobothus Polyophthalmus,GRH,demersal
Sebelah - Psettina Brevirictis,Sebelah,Psettina Brevirictis,BSV,demersal
Sebelah - Psettina Gigantea,Sebelah,Psettina Gigantea,,demersal
Sebelah - Pseudorhombus Argus,Sebelah,Pseudorhombus Argus,,demersal
Sebelah - Pseudorhombus Elevatus,Sebelah,Pseudorhombus Elevatus,UHE,demersal
Sebelah - Pseudorhombus Megalops,Sebelah,Pseudorhombus Megalops,,demersal
Sebelah - Pseudorhombus Quinquocellatus,Sebelah,Pseudorhombus Quinquocellatus,,demersal
Sebelah - Soleichthys Heterorhinos,Sebelah,Soleichthys Heterorhinos,,demersal
Sebelah Bundar - Bothus Pantherinus,Sebelah Bundar,Bothus Pantherinus,OUN,demersal
Sebelah Jepang - Paralichthys Olivaceus,Sebelah Jepang,Paralichthys Olivaceus,BAH,demersal
Sebelah Samegarei - Clidoderma Asperrimum,Sebelah Samegarei,Clidoderma Asperrimum,CDJ,demersal
Sebelah; Terabis - Pseudorhombus Diplospilus,Sebelah; Terabis,Pseudorhombus Diplospilus,QYM,Demersal
Sebelah; Terabis - Pseudorhombus Malayanus,Sebelah; Terabis,Pseudorhombus Malayanus,UHG,Demersal
Selanget - Anodontostoma Chacunda,Selanget,Anodontostoma Chacunda,CHG,Pelagis Kecil
Selanget Berambut - Nematalosa Come,Selanget Berambut,Nematalosa Come,NCO,Pelagis Kecil
Selanget Kelee - Hilsa Kelee,Selanget Kelee,Hilsa Kelee,HIX,Pelagis Kecil
Selar Batang - Alepes Kleinii,Selar Batang,Alepes Kleinii,JWY,Pelagis Kecil
Selar Bengol - Selar Boops,Selar Bengol,Selar Boops,LRO,Pelagis Kecil
Selar Bentong - Selar Crumenophthalmus,Selar Bentong,Selar Crumenophthalmus,BIS,Pelagis Kecil
Selar Bulat - Alepes Djedaba,Selar Bulat,Alepes Djedaba,LSJ,Pelagis Kecil
Selar Como - Atule Mate,Selar Como,Atule Mate,TUM,Pelagis Kecil
Selar Kuning - Selaroides Leptolepis,Selar Kuning,Selaroides Leptolepis,TRY,Pelagis Kecil
Selar Mulut Kapas - Uraspis Secunda,Selar Mulut Kapas,Uraspis Secunda,USE,Demersal
Selar Papan - Alepes Vari,Selar Papan,Alepes Vari,LSV,Pelagis Kecil
Selar Pilot - Naucrates Ductor,Selar Pilot,Naucrates Ductor,NAU,ikan karang
Selar Ubur-Ubur - Alepes Melanoptera,Selar Ubur-Ubur,Alepes Melanoptera,LSN,Pelagis Kecil
Semah; Kancra - Tor Soro,Semah; Kancra,Tor Soro,,Ikan Air Tawar
Semar - Mene Maculata,Semar,Mene Maculata,MOO,Demersal
Sembilang Abu-Abu - Plotosus Canius,Sembilang Abu-Abu,Plotosus Canius,PUN,Demersal
Sembilang Karang - Plotosus Lineatus,Sembilang Karang,Plotosus Lineatus,PII,Ikan Karang
Senangin - Polydactylus Microstoma,Senangin,Polydactylus Microstoma,QSQ,demersal
Senangin Bergaris - Polydactylus Plebeius,Senangin Bergaris,Polydactylus Plebeius,ODS,Demersal
Senangin Bintik Hitam - Polydactylus Sextarius,Senangin Bintik Hitam,Polydactylus Sextarius,OAX,Demersal
Senangin Empat Surai - Eleutheronema Tetradactylum,Senangin Empat Surai,Eleutheronema Tetradactylum,FOT,Demersal
Senangin Mulut Kecil - Polydactylus Microstomus,Senangin Mulut Kecil,Polydactylus Microstomus,QSQ,Demersal
Senangin Raja - Polydactylus Macrochir,Senangin Raja,Polydactylus Macrochir,QSH,Demersal
Senangin Striped - Polydactylus Plebius,Senangin Striped,Polydactylus Plebius,,demersal
Senuk - Centropomus undecimalis,Senuk,Centropomus undecimalis,,Demersal
Serinding - Apogonichthyoides Melas,Serinding,Apogonichthyoides Melas,FER,Ikan Karang
Serinding - Archamia Fucata,Serinding,Archamia Fucata,QLY,Ikan Karang
Serinding - Rhabdamia Spilota,Serinding,Rhabdamia Spilota,,ikan karang
Serinding - Taeniamia Fucata,Serinding,Taeniamia Fucata,QLY,demersal
Serinding Tanda - Archamia Bleekeri,Serinding Tanda,Archamia Bleekeri,,Ikan Karang
Setuhuk Biru - Makaira Nigricans,Setuhuk Biru,Makaira Nigricans,BUM,Pelagis Besar
Setuhuk Biru Indo-Pasifik - Makaira Mazara,Setuhuk Biru Indo-Pasifik,Makaira Mazara,BLZ,Pelagis Besar
Setuhuk Hitam - Istiompax Indica,Setuhuk Hitam,Istiompax Indica,BLM,Pelagis Besar
Setuhuk Lain - Makaira Spp,Setuhuk Lain,Makaira Spp,BXQ,Pelagis Besar
Setuhuk Loreng - Kajikia Audax,Setuhuk Loreng,Kajikia Audax,MLS,Pelagis Besar
Shark - Carcharhinus Signatus,Shark,Carcharhinus Signatus,CCS,pelagis besar
Shark - Galeorhinus Galeus,Shark,Galeorhinus Galeus,GAG,pelagis besar
Shark - Glyphis Gangeticus,Shark,Glyphis Gangeticus,CGA,pelagis besar
Shark - Glyphis Glyphis,Shark,Glyphis Glyphis,CGG,pelagis besar
Short-Bodied Pipefish - Choeroichthys Brachysoma,Short-Bodied Pipefish,Choeroichthys Brachysoma,CBJ,ikan karang
Shortnose Pipefish - Micrognathus Andersonii,Shortnose Pipefish,Micrognathus Andersonii,MID,ikan karang
Sidat - Anguilla Anguilla,Sidat,Anguilla Anguilla,ELE,binatang air lainnya
Sidat - Anguilla Interioris,Sidat,Anguilla Interioris,,0
Sidat - Anguilla Reinhardtii,Sidat,Anguilla Reinhardtii,AAR,binatang air lainnya
Sidat - Muraenesox Spp,Sidat,Muraenesox Spp,,demersal
Sidat - Muraenosox Bagio,Sidat,Muraenosox Bagio,,demersal
Sidat Anjing - Anguilla Bicolor,Sidat Anjing,Anguilla Bicolor,AAT,Pelagis Kecil
Sidat Jenggot Kambing - Brotula Multibarbata,Sidat Jenggot Kambing,Brotula Multibarbata,WBM,binatang air lainnya
Sidat Kembang - Anguilla Marmorata,Sidat Kembang,Anguilla Marmorata,AAL,binatang air lainnya
Sidat Menguling - Anguilla Celebesensis,Sidat Menguling,Anguilla Celebesensis,,0
Silver Driftfish - Psenes Maculatus,Silver Driftfish,Psenes Maculatus,,mesopelagic
Simping - Amusium Pleuronectes,Simping,Amusium Pleuronectes,UMP,Binatang Lunak
Simping - Common Windowpen,Simping,Common Windowpen,,binatang lunak
Sinangih - Filimanus Perplexa,Sinangih,Filimanus Perplexa,QRS,Demersal
Siput - Amphidromus Javanicus,Siput,Amphidromus Javanicus,ZIW,Demersal
Siput - Cerithium Nodulosum,Siput,Cerithium Nodulosum,KEN,binatang lunak
Siput - Chromodoris Elisabethina,Siput,Chromodoris Elisabethina,,binatang lunak
Siput - Laevistrombus Canarium,Siput,Laevistrombus Canarium,QSN,Demersal
Siput - Strombus Variabilis,Siput,Strombus Variabilis,,binatang lunak
Siput - Turbo Imperialis,Siput,Turbo Imperialis,,binatang lunak
Siput - Turbo Phitolatus,Siput,Turbo Phitolatus,,binatang lunak
Siput Cone - Conus Marmoratus,Siput Cone,Conus Marmoratus,,binatang lunak
Siput Hemifusus - Hemifusus Swainson,Siput Hemifusus,Hemifusus Swainson,,binatang lunak
Siput Hidup - Clithon Sowerbianus,Siput Hidup,Clithon Sowerbianus,,binatang lunak
Siput Hijau - Aplysia Ornata,Siput Hijau,Aplysia Ornata,,binatang lunak
Siput Hisap - Cerithidea Obtusa,Siput Hisap,Cerithidea Obtusa,KHO,binatang lunak
Siput Kelinci - Dolabella Auricularia,Siput Kelinci,Dolabella Auricularia,DBU,binatang lunak
Siput Kelinci Totol Biru - Bursatella Leachii,Siput Kelinci Totol Biru,Bursatella Leachii,,binatang lunak
Siput Laut - Angaria Delphinus,Siput Laut,Angaria Delphinus,,binatang lunak
Siput Laut - Cerithium Scabridum,Siput Laut,Cerithium Scabridum,,binatang lunak
Siput Lola - Tectus Niloticus,Siput Lola,Tectus Niloticus,,binatang lunak
Siput Mentarang - Pholas Orientalis,Siput Mentarang,Pholas Orientalis,FOO,binatang lunak
Siput Opperculum - Murexning Operculumitus,Siput Opperculum,Murexning Operculumitus,,binatang lunak
Siput Terbang - Hexabranchus Sanguineus,Siput Terbang,Hexabranchus Sanguineus,,binatang lunak
Siput Ternate - Brunneifusus Ternatanus,Siput Ternate,Brunneifusus Ternatanus,UGT,binatang lunak
Siput Unam - Murex Ternispina,Siput Unam,Murex Ternispina,UXT,binatang lunak
Siro - Amblygaster Sirm,Siro,Amblygaster Sirm,AGS,Pelagis Kecil
Siro Biru - Amblygaster Leogaster,Siro Biru,Amblygaster Leogaster,AGL,Pelagis Kecil
Siro Perut Halus - Amblygaster Clupeoides,Siro Perut Halus,Amblygaster Clupeoides,AGC,Pelagis Kecil
Sisik Batu Jepang - Ostichthys Japonicus,Sisik Batu Jepang,Ostichthys Japonicus,HWJ,Demersal
Slengseng - Scomber Australasicus,Slengseng,Scomber Australasicus,MAA,Pelagis Besar
Slengseng - Scomber Scombrus,Slengseng,Scomber Scombrus,MAC,Pelagis Besar
Snail - Cymbiola Swainson,Snail,Cymbiola Swainson,,binatang lunak
Sotong - Pharaoh Cuttlefish,Sotong,Pharaoh Cuttlefish,,binatang lunak
Sotong - Sepia Officinalis,Sotong,Sepia Officinalis,CTC,Binatang Lunak
Sotong - Sepia Spp,Sotong,Sepia Spp,IAX,Binatang Lunak
Sotong Blekutak - Sepiella Inermis,Sotong Blekutak,Sepiella Inermis,ILR,Binatang Lunak
Sotong Duri - Sepia Recurvirostra,Sotong Duri,Sepia Recurvirostra,IAE,Binatang Lunak
Sotong Emas - Sepia Esculenta,Sotong Emas,Sepia Esculenta,EJK,Binatang Lunak
Sotong Firon - Sepia Pharaonis,Sotong Firon,Sepia Pharaonis,IAH,Binatang Lunak
Sotong Jarum - Sepia Aculeata,Sotong Jarum,Sepia Aculeata,EJA,Binatang Lunak
Spined Pipefish - Phoxocampus Diacanthus,Spined Pipefish,Phoxocampus Diacanthus,,ikan karang
Spiral Melongena - Pugilina Cochlidium,Spiral Melongena,Pugilina Cochlidium,,binatang lunak
Spons Acanthella Cavernosa - Acanthella Cavernosa,Spons Acanthella Cavernosa,Acanthella Cavernosa,,ikan karang
Straightstick Pipefish - Trachyrhamphus Longirostris,Straightstick Pipefish,Trachyrhamphus Longirostris,,demersal
Sunglir - Elagatis Bipinnulata,Sunglir,Elagatis Bipinnulata,RRU,Pelagis Kecil
Swanggi - Myripristis Adusta,Swanggi,Myripristis Adusta,,ikan karang
Swanggi Ambon - Priacanthus Blochii,Swanggi Ambon,Priacanthus Blochii,QDC,Demersal
Swanggi Bintik Ungu - Priacanthus Tayenus,Swanggi Bintik Ungu,Priacanthus Tayenus,PQY,Demersal
Swanggi Ekor Bulan - Priacanthus Hamrur,Swanggi Ekor Bulan,Priacanthus Hamrur,BWH,Demersal
Swanggi Panah - Priacanthus Sagittarius,Swanggi Panah,Priacanthus Sagittarius,,Demersal
Swanggi Sirip Panjang - Cookeolus Japonicus,Swanggi Sirip Panjang,Cookeolus Japonicus,CJN,Ikan Karang
Swanggi Tembakau - Priacanthus Macracanthus,Swanggi Tembakau,Priacanthus Macracanthus,BIR,Demersal
Swangi Batu - Sargocentron Praslin,Swangi Batu,Sargocentron Praslin,,ikan karang
Swangi Batu - Sargocentron Rubrum,Swangi Batu,Sargocentron Rubrum,HWH,ikan karang
Takifugu Basilevskianus - Takifugu Basilevskianus,Takifugu Basilevskianus,Takifugu Basilevskianus,,demersal
Talang Daun Bambu - Scomberoides Tol,Talang Daun Bambu,Scomberoides Tol,OBJ,Pelagis Kecil
Talang Talang - Scomberoides Tala,Talang Talang,Scomberoides Tala,OBT,Pelagis Kecil
Talang Talang Besar - Scomberoides Commersonnianus,Talang Talang Besar,Scomberoides Commersonnianus,OBM,Pelagis Kecil
Talang Talang Lysan - Scomberoides Lysan,Talang Talang Lysan,Scomberoides Lysan,OBY,Ikan Karang
Tanda-Tanda Pasir - Lutjanus Biguttatus,Tanda-Tanda Pasir,Lutjanus Biguttatus,,Ikan Karang
Tapestry Turban - Turbo Petholatus,Tapestry Turban,Turbo Petholatus,UBE,binatang lunak
Tasselfin Longfin - Plesiops Thysanopterus,Tasselfin Longfin,Plesiops Thysanopterus,,ikan karang
Telur Ikan Terbang - Tobiko Tobiko,Telur Ikan Terbang,Tobiko Tobiko,,Pelagis Kecil
Tembang Fimbriata - Sardinella Fimbriata,Tembang Fimbriata,Sardinella Fimbriata,FRS,Pelagis Kecil
Tembang Garis Kuning - Sardinella Gibbosa,Tembang Garis Kuning,Sardinella Gibbosa,SAG,Pelagis Kecil
Tembang Putih - Sardinella Albella,Tembang Putih,Sardinella Albella,SDB,Pelagis Kecil
Tembang Serisih - Sardinella Brachysoma,Tembang Serisih,Sardinella Brachysoma,SDY,Pelagis Kecil
Tembang Torakata - Escualosa Thoracata,Tembang Torakata,Escualosa Thoracata,EST,Demersal
Temilok - Bactronophorus Thoracites,Temilok,Bactronophorus Thoracites,BCQ,binatang lunak
Tempel - Echeneis Naucrates,Tempel,Echeneis Naucrates,EHN,Ikan Karang
Tenggiri - Scomberomorus Commerson,Tenggiri,Scomberomorus Commerson,COM,Pelagis Besar
Tenggiri Batang - Scomberomorus Lineolatus,Tenggiri Batang,Scomberomorus Lineolatus,STS,Pelagis Besar
Tenggiri Bunga - Scomberomorus Koreanus,Tenggiri Bunga,Scomberomorus Koreanus,KOS,pelagis besar
Tenggiri Papan - Scomberomorus Guttatus,Tenggiri Papan,Scomberomorus Guttatus,GUT,Pelagis Besar
Tenggiri Papua - Scomberomorus Multiradiatus,Tenggiri Papua,Scomberomorus Multiradiatus,PAP,pelagis besar
Terabis Bulat - Pseudorhombus Triocellatus,Terabis Bulat,Pseudorhombus Triocellatus,UHT,Demersal
Terbang - Cheilopogon Cyanopterus,Terbang,Cheilopogon Cyanopterus,EFZ,pelagis kecil
Terbang - Cheilopogon Intermedius,Terbang,Cheilopogon Intermedius,,pelagis kecil
Terbang - Cheilopogon Spilopterus,Terbang,Cheilopogon Spilopterus,ECS,pelagis kecil
Terbang - Cypselurus Bilineatus,Terbang,Cypselurus Bilineatus,,pelagis kecil
Terbang - Cypselurus Naresii,Terbang,Cypselurus Naresii,,pelagis kecil
Terbang - Parexocoetus Mento,Terbang,Parexocoetus Mento,KSW,pelagis kecil
Terbang; Torani - Cheilopogon Arcticeps,Terbang; Torani,Cheilopogon Arcticeps,FKQ,Pelagis Kecil
Terbang; Torani - Cypselurus Angusticeps,Terbang; Torani,Cypselurus Angusticeps,FPM,Pelagis Kecil
Teri - Encrasicholina Spp,Teri,Encrasicholina Spp,,Pelagis Kecil
Teri - Stolephorus Indicus,Teri,Stolephorus Indicus,ESI,Pelagis Kecil
Teri - Thryssa Dussumieri,Teri,Thryssa Dussumieri,EYD,pelagis kecil
Teri Ambon - Stolephorus Commersonii,Teri Ambon,Stolephorus Commersonii,,pelagis kecil
Teri Baelama - Thryssa Baelama,Teri Baelama,Thryssa Baelama,EYB,Pelagis Kecil
Teri Gepeng - Stolephorus Commersonnii,Teri Gepeng,Stolephorus Commersonnii,ESR,Pelagis Kecil
Teri Gepeng - Stolephorus Waitei,Teri Gepeng,Stolephorus Waitei,ESW,Pelagis Kecil
Teri Jengki - Stolephorus Insularis,Teri Jengki,Stolephorus Insularis,ESN,Pelagis Kecil
Teri Kepala Batu - Atherinomorus Lacunosus,Teri Kepala Batu,Atherinomorus Lacunosus,FCW,Pelagis Kecil
Teri Kuning - Symphysanodon Katayamai,Teri Kuning,Symphysanodon Katayamai,VVJ,Pelagis Kecil
Teri Merah - Symphysanodon Typus,Teri Merah,Symphysanodon Typus,,pelagis kecil
Teri Merek - Atherinomorus Duodecimalis,Teri Merek,Atherinomorus Duodecimalis,,Pelagis Kecil
Teri Nasi Ainama - Encrasicholina Heteroloba,Teri Nasi Ainama,Encrasicholina Heteroloba,ECT,Pelagis Kecil
Teri Nasi Devisi - Encrasicholina Devisi,Teri Nasi Devisi,Encrasicholina Devisi,END,Pelagis Kecil
Teri Nasi Gacer - Encrasicholina Punctifer,Teri Nasi Gacer,Encrasicholina Punctifer,STL,Pelagis Kecil
Teri Samoan - Hypoatherina Temminckii,Teri Samoan,Hypoatherina Temminckii,FQB,Pelagis Kecil
Teri Wakasagisurf - Hypomesus Pretiosus,Teri Wakasagisurf,Hypomesus Pretiosus,SUS,demersal
Teripang - Holothuria Spp,Teripang,Holothuria Spp,WBX,Binatang Air Lainnya
Teripang - Holothuria Whitmaei,Teripang,Holothuria Whitmaei,JDG,lainnya
Teripang Apel Laut - Pseudocolochirus Tricolor,Teripang Apel Laut,Pseudocolochirus Tricolor,,binatang air lainnya
Teripang Batik - Holothuria Notabilis,Teripang Batik,Holothuria Notabilis,JCW,Demersal
Teripang Batu Batik - Actinopyga Mauritiana,Teripang Batu Batik,Actinopyga Mauritiana,KUY,Binatang Air Lainnya
Teripang Batu Keling - Actinopyga Echinites,Teripang Batu Keling,Actinopyga Echinites,KUE,Binatang Air Lainnya
Teripang Bercak Coklat - Bohadschia Similis,Teripang Bercak Coklat,Bohadschia Similis,BDX,Demersal
Teripang Coklat Titik Merah - Holothuria Flavomaculata,Teripang Coklat Titik Merah,Holothuria Flavomaculata,JCI,binatang lunak
Teripang Darah - Holothuria Atra,Teripang Darah,Holothuria Atra,HFA,Binatang Air Lainnya
Teripang Ekor Macan - Holothuria Hilla,Teripang Ekor Macan,Holothuria Hilla,JCK,Binatang Air Lainnya
Teripang Fuscus - Isostichopus Fuscus,Teripang Fuscus,Isostichopus Fuscus,JCF,binatang air lainnya
Teripang Gamma - Stichopus Variegatus,Teripang Gamma,Stichopus Variegatus,JCV,Binatang Air Lainnya
Teripang Getah Hitam - Holothuria Vagabunda,Teripang Getah Hitam,Holothuria Vagabunda,HFQ,Demersal
Teripang Getah Putih - Bohadschia Marmorata,Teripang Getah Putih,Bohadschia Marmorata,KUH,binatang air lainnya
Teripang Grisea - Opheodesoma Grisea,Teripang Grisea,Opheodesoma Grisea,,Demersal
Teripang Hitam - Holothuria Edulis,Teripang Hitam,Holothuria Edulis,HFE,Binatang Air Lainnya
Teripang Hitam - Holothuria Forskali,Teripang Hitam,Holothuria Forskali,,binatang air lainnya
Teripang Hitam - Holothuria Leucospilota,Teripang Hitam,Holothuria Leucospilota,HFQ,Binatang Air Lainnya
Teripang Kacang Goreng - Stichopus Horrens,Teripang Kacang Goreng,Stichopus Horrens,KUN,Binatang Air Lainnya
Teripang Kasur - Actinopyga Lecanora,Teripang Kasur,Actinopyga Lecanora,YVV,Binatang Air Lainnya
Teripang Kasur - Mulleria Lecanora,Teripang Kasur,Mulleria Lecanora,,Binatang Air Lainnya
Teripang Kepala Batu - Holothuria Pervicax,Teripang Kepala Batu,Holothuria Pervicax,JDD,Demersal
Teripang Koro - Holothuria Nobilis,Teripang Koro,Holothuria Nobilis,HFN,Demersal
Teripang Leher Botol - Holothuria Impatiens,Teripang Leher Botol,Holothuria Impatiens,HFI,Demersal
Teripang Lotong - Actinopyga Miliaris,Teripang Lotong,Actinopyga Miliaris,KUQ,binatang lunak
Teripang Nanas - Thelenota Ananas,Teripang Nanas,Thelenota Ananas,TFQ,Binatang Air Lainnya
Teripang Nanas Hitam - Stichopus Chloronotus,Teripang Nanas Hitam,Stichopus Chloronotus,JCC,Demersal
Teripang Naso - Stichopus Naso,Teripang Naso,Stichopus Naso,JPR,Demersal
Teripang Olok-Olok - Bohadschia Vitiensis,Teripang Olok-Olok,Bohadschia Vitiensis,BDV,binatang air lainnya
Teripang Pasir - Holothuria Scabra,Teripang Pasir,Holothuria Scabra,HFC,Demersal
Teripang Patola - Bohadschia Argus,Teripang Patola,Bohadschia Argus,KUW,Binatang Air Lainnya
Teripang Putih - Actinopyga Albonigra,Teripang Putih,Actinopyga Albonigra,,Binatang Air Lainnya
Teripang Sabuk Raja - Opheodesoma Australiensis,Teripang Sabuk Raja,Opheodesoma Australiensis,,Demersal
Teripang Sabuk Raja - Synapta Maculata,Teripang Sabuk Raja,Synapta Maculata,,binatang air lainnya
Teripang Susu Putih - Holothuria Fuscogilva,Teripang Susu Putih,Holothuria Fuscogilva,HFF,Binatang Air Lainnya
Teripang Ular - Euapta Godeffroyi,Teripang Ular,Euapta Godeffroyi,,Demersal
Teripang Usus Raja Hitam - Polyplectana Kefersteini,Teripang Usus Raja Hitam,Polyplectana Kefersteini,,binatang air lainnya
Terman - Atropus Mentalis,Terman,Atropus Mentalis,ULE,Demersal
Terman - Ulua Mentalis,Terman,Ulua Mentalis,ULE,Demersal
Terompe Triton - Charonia Tritonis,Terompe Triton,Charonia Tritonis,KRN,binatang lunak
Terubuk - Hilsa Toli,Terubuk,Hilsa Toli,,Pelagis Kecil
Terubuk Ekor Panjang - Tenualosa Macrura,Terubuk Ekor Panjang,Tenualosa Macrura,TWN,Pelagis Kecil
Terubuk Hilsa - Tenualosa Ilisha,Terubuk Hilsa,Tenualosa Ilisha,HIL,Pelagis Kecil
Terubuk Padi - Tenualosa Toli,Terubuk Padi,Tenualosa Toli,TOL,Pelagis Kecil
Tetengkek - Megalaspis Cordyla,Tetengkek,Megalaspis Cordyla,HAS,Pelagis Kecil
Threespot Squirrelfish - Sargocentron Cornutum,Threespot Squirrelfish,Sargocentron Cornutum,,ikan karang
Tigawaja Keken - Johnius Amblycephalus,Tigawaja Keken,Johnius Amblycephalus,JOA,Demersal
Tigawaja Koitor - Johnius Coitor,Tigawaja Koitor,Johnius Coitor,JOC,Demersal
Tigawaja Perak - Johnius Dussumieri,Tigawaja Perak,Johnius Dussumieri,JOU,Demersal
Tigawaja Putih - Johnius Borneensis,Tigawaja Putih,Johnius Borneensis,JCS,Demersal
Tiram - Crassostrea Gigas,Tiram,Crassostrea Gigas,OYG,Binatang Lunak
Tiram - Magallana Gigas,Tiram,Magallana Gigas,OYG,Binatang Lunak
Tiram - Placuna Placenta,Tiram,Placuna Placenta,UNA,binatang lunak
Tiram - Saccostrea Cuccullata,Tiram,Saccostrea Cuccullata,CSC,binatang lunak
Tiram Atlantic Pearl - Pinctada Imbricata Radiata,Tiram Atlantic Pearl,Pinctada Imbricata Radiata,,binatang lunak
Tiram Atlantik Wing - Pteria Colymbus,Tiram Atlantik Wing,Pteria Colymbus,,binatang lunak
Tiram Batu - Spondylus Sinensis,Tiram Batu,Spondylus Sinensis,,binatang lunak
Tiram Batu; Tiram Tembakau - Spondylus Lamarckii,Tiram Batu; Tiram Tembakau,Spondylus Lamarckii,ZQZ,Binatang Lunak
Tiram Penguin Wing - Pteria Penguin,Tiram Penguin Wing,Pteria Penguin,PTE,binatang lunak
Tiram Timur - Crassostrea Virginica,Tiram Timur,Crassostrea Virginica,OYA,binatang lunak
Toka-Toka - Himantura Cf Walga,Toka-Toka,Himantura Cf Walga,,demersal
Toka-Toka - Himantura Walga,Toka-Toka,Himantura Walga,,demersal
Tonang Bagio - Muraenesox Bagio,Tonang Bagio,Muraenesox Bagio,DDP,Demersal
Tonang Malong - Muraenesox Cinereus,Tonang Malong,Muraenesox Cinereus,DPC,Demersal
Tongkol Abu-Abu - Thunnus Tonggol,Tongkol Abu-Abu,Thunnus Tonggol,LOT,Pelagis Besar
Tongkol Komo - Euthynnus Affinis,Tongkol Komo,Euthynnus Affinis,KAW,Pelagis Besar
Tongkol Krai - Auxis Thazard,Tongkol Krai,Auxis Thazard,FRI,Pelagis Besar
Tongkol Lisong - Auxis Rochei,Tongkol Lisong,Auxis Rochei,BLT,Pelagis Besar
Tongkol Sirara-Gigi Anjing - Gymnosarda Unicolor,Tongkol Sirara-Gigi Anjing,Gymnosarda Unicolor,DOT,Pelagis Besar
Totok; Sulir - Branchiostegus Sawakinensis,Totok; Sulir,Branchiostegus Sawakinensis,FHV,Pelagis Besar
Trunk-Barred Pipefish - Phoxocampus Tetrophthalmus,Trunk-Barred Pipefish,Phoxocampus Tetrophthalmus,,ikan karang
Tuna Mata Besar - Thunnus Obesus,Tuna Mata Besar,Thunnus Obesus,BET,Pelagis Besar
Tuna Sirip Biru Selatan - Thunnus Maccoyii,Tuna Sirip Biru Selatan,Thunnus Maccoyii,SBF,Pelagis Besar
Tuna Sirip Kuning - Thunnus Albacares,Tuna Sirip Kuning,Thunnus Albacares,YFT,Pelagis Besar
Ubur-Ubur Bulan - Aurelia Aurita,Ubur-Ubur Bulan,Aurelia Aurita,AJQ,Binatang Air Lainnya
Ubur-Ubur Cassiopea Medusae - Cassiopea Medusa,Ubur-Ubur Cassiopea Medusae,Cassiopea Medusa,ZSE,binatang lunak
Ubur-Ubur Tutul - Mastigias Papua,Ubur-Ubur Tutul,Mastigias Papua,,binatang lunak
Udang Aloha - Penaeus Marginatus,Udang Aloha,Penaeus Marginatus,PNJ,Binatang Berkulit Keras
Udang Amaebi - Pandalus Borealis,Udang Amaebi,Pandalus Borealis,PRA,binatang berkulit keras
Udang Argentine Red - Pleoticus Muelleri,Udang Argentine Red,Pleoticus Muelleri,LAA,binatang berkulit keras
Udang Banana - Penaeus Spp,Udang Banana,Penaeus Spp,PEN,Binatang Berkulit Keras
Udang Bintik Merah - Metapenaeopsis Barbata,Udang Bintik Merah,Metapenaeopsis Barbata,MJB,Binatang Berkulit Keras
Udang Biru - Penaeus Stylirostris,Udang Biru,Penaeus Stylirostris,PNS,binatang berkulit keras
Udang Botan - Pandalus Nipponensis,Udang Botan,Pandalus Nipponensis,DLN,binatang berkulit keras
Udang Dogol Batu - Metapenaeus Ensis,Udang Dogol Batu,Metapenaeus Ensis,MPE,Binatang Berkulit Keras
Udang Dogol Belang - Metapenaeus Eboracensis,Udang Dogol Belang,Metapenaeus Eboracensis,MQE,Binatang Berkulit Keras
Udang Dogol Bintik - Metapenaeus Monoceros,Udang Dogol Bintik,Metapenaeus Monoceros,MPN,Binatang Berkulit Keras
Udang Dogol Biru - Metapenaeus Endeavouri,Udang Dogol Biru,Metapenaeus Endeavouri,ENS,Binatang Berkulit Keras
Udang Dogol Burung - Metapenaeus Lysianassa,Udang Dogol Burung,Metapenaeus Lysianassa,MJY,Binatang Berkulit Keras
Udang Dogol Cendana - Metapenaeus Brevicornis,Udang Dogol Cendana,Metapenaeus Brevicornis,MPB,Binatang Berkulit Keras
Udang Dogol Dali - Metapenaeus Dalli,Udang Dogol Dali,Metapenaeus Dalli,MTD,Binatang Berkulit Keras
Udang Dogol Jingga - Metapenaeus Affinis,Udang Dogol Jingga,Metapenaeus Affinis,MTJ,Binatang Berkulit Keras
Udang Dogol Kapur - Metapenaeus Dobsoni,Udang Dogol Kapur,Metapenaeus Dobsoni,MPD,Binatang Berkulit Keras
Udang Galah - Macrobrachium Rosenbergii,Udang Galah,Macrobrachium Rosenbergii,PRF,Binatang Berkulit Keras
Udang Grogo - Acetes Indicus,Udang Grogo,Acetes Indicus,EKN,Binatang Berkulit Keras
Udang India - Fenneropenaeus Indicus,Udang India,Fenneropenaeus Indicus,,Binatang Berkulit Keras
Udang Jambret - Mesopodopsis Orientalis,Udang Jambret,Mesopodopsis Orientalis,ZHM,Binatang Berkulit Keras
Udang Jambret - Mysis,Udang Jambret,Mysis,,Binatang Berkulit Keras
Udang Jerbung - Penaeus Merguensis,Udang Jerbung,Penaeus Merguensis,PBA,Binatang Berkulit Keras
Udang Jerbung - Penaeus Merguiensis,Udang Jerbung,Penaeus Merguiensis,PBA,Binatang Berkulit Keras
Udang Karang Mexican Dwarf - Cambarellus Patzcuarensis,Udang Karang Mexican Dwarf,Cambarellus Patzcuarensis,,Binatang Berkulit Keras
Udang Katak - Thalassina Anomala,Udang Katak,Thalassina Anomala,TAQ,binatang berkulit keras
Udang Kipas Merah Hani - Scyllarides Haanii,Udang Kipas Merah Hani,Scyllarides Haanii,YLJ,Binatang Berkulit Keras
Udang Kipas Merah Tumpul - Scyllarides Squammosus,Udang Kipas Merah Tumpul,Scyllarides Squammosus,YLU,Binatang Berkulit Keras
Udang Kipas Pasir - Thenus Orientalis,Udang Kipas Pasir,Thenus Orientalis,THQ,Binatang Berkulit Keras
Udang Krill - Euphausia Superba,Udang Krill,Euphausia Superba,KRI,binatang berkulit keras
Udang Krosok - Batepenaeopsis Tenella,Udang Krosok,Batepenaeopsis Tenella,NIT,binatang berkulit keras
Udang Krosok - Kishinouyepenaeopsis Cornuta,Udang Krosok,Kishinouyepenaeopsis Cornuta,NPN,binatang berkulit keras
Udang Krosok - Metapenaeus Spp,Udang Krosok,Metapenaeus Spp,MET,Binatang Berkulit Keras
Udang Krosok - Mierspenaeopsis Sculptilis,Udang Krosok,Mierspenaeopsis Sculptilis,NAP,binatang berkulit keras
Udang Krosok - Trachypenaeus Fulvus,Udang Krosok,Trachypenaeus Fulvus,,Binatang Berkulit Keras
Udang Krosok - Trachysalambria Malaiana,Udang Krosok,Trachysalambria Malaiana,ZIC,Binatang Berkulit Keras
Udang Krosok Apolo - Metapenaeopsis Palmensis,Udang Krosok Apolo,Metapenaeopsis Palmensis,NMN,Binatang Berkulit Keras
Udang Krosok Arafura - Parapenaeopsis Arafurica,Udang Krosok Arafura,Parapenaeopsis Arafurica,NRJ,Binatang Berkulit Keras
Udang Krosok Belang - Parapenaeopsis Cornuta,Udang Krosok Belang,Parapenaeopsis Cornuta,NPN,Binatang Berkulit Keras
Udang Krosok Bludru - Metapenaeopsis Novaeguineae,Udang Krosok Bludru,Metapenaeopsis Novaeguineae,NMU,Binatang Berkulit Keras
Udang Krosok Kuning - Megokris Granulosus,Udang Krosok Kuning,Megokris Granulosus,TPQ,Binatang Berkulit Keras
Udang Krosok Kuning - Trachypenaeus Granulosus,Udang Krosok Kuning,Trachypenaeus Granulosus,,Binatang Berkulit Keras
Udang Krosok Kuning - Trachysalambria Curvirostris,Udang Krosok Kuning,Trachysalambria Curvirostris,TRV,Binatang Berkulit Keras
Udang Krosok Lemah - Parapenaeopsis Tenella,Udang Krosok Lemah,Parapenaeopsis Tenella,NIT,Binatang Berkulit Keras
Udang Krosok Macan - Parapenaeopsis Sculptilis,Udang Krosok Macan,Parapenaeopsis Sculptilis,NAP,Binatang Berkulit Keras
Udang Krosok Merah - Metapenaeopsis Rosea,Udang Krosok Merah,Metapenaeopsis Rosea,NMQ,Binatang Berkulit Keras
Udang Krosok Mogi - Metapenaeopsis Mogiensis,Udang Krosok Mogi,Metapenaeopsis Mogiensis,NMJ,Binatang Berkulit Keras
Udang Krosok Wiski - Parapenaeopsis Hardwickii,Udang Krosok Wiski,Parapenaeopsis Hardwickii,NAW,Binatang Berkulit Keras
Udang Kuruma - Penaeus Japonicus,Udang Kuruma,Penaeus Japonicus,KUP,Binatang Berkulit Keras
Udang Lipan - Miyakella Nepa,Udang Lipan,Miyakella Nepa,MJN,binatang berkulit keras
Udang Lurik - Penaeus Canaliculatus,Udang Lurik,Penaeus Canaliculatus,EKU,Binatang Berkulit Keras
Udang Mantis - Lysiosquillina Maculata,Udang Mantis,Lysiosquillina Maculata,,binatang berkulit keras
Udang Mantis Jepang - Oratosquilla Oratoria,Udang Mantis Jepang,Oratosquilla Oratoria,OQO,binatang berkulit keras
Udang Merah Jambu Alaska - Pandalus Eous,Udang Merah Jambu Alaska,Pandalus Eous,,binatang berkulit keras
Udang Nilon - Heterocarpus Ensifer,Udang Nilon,Heterocarpus Ensifer,HKF,binatang berkulit keras
Udang Orange - Atypopenaeus Formosus,Udang Orange,Atypopenaeus Formosus,YEO,Binatang Berkulit Keras
Udang Pama - Penaeus Semisulcatus,Udang Pama,Penaeus Semisulcatus,TIP,Binatang Berkulit Keras
Udang Putih - Penaeus Indicus,Udang Putih,Penaeus Indicus,PNI,Binatang Berkulit Keras
Udang Raja - Penaeus Latisulcatus,Udang Raja,Penaeus Latisulcatus,WKP,Binatang Berkulit Keras
Udang Raja Bercak Merah - Penaeus Longistylus,Udang Raja Bercak Merah,Penaeus Longistylus,ELY,Binatang Berkulit Keras
Udang Rebon - Acetes Sp,Udang Rebon,Acetes Sp,,Binatang Berkulit Keras
Udang Ronggeng - Harpiosquilla Raphidea,Udang Ronggeng,Harpiosquilla Raphidea,HQR,Binatang Berkulit Keras
Udang Ronggeng - Odontodactylus Scyllarus,Udang Ronggeng,Odontodactylus Scyllarus,ODY,binatang berkulit keras
Udang Sculpture - Parribacus Antarchicus,Udang Sculpture,Parribacus Antarchicus,,Binatang Berkulit Keras
Udang Tajam - Arafurapenaeopsis Arafurica,Udang Tajam,Arafurapenaeopsis Arafurica,NRJ,binatang berkulit keras
Udang Vanamei - Penaeus Vannamei,Udang Vanamei,Penaeus Vannamei,PNV,Binatang Berkulit Keras
Udang Wangkang - Penaeus Chinensis,Udang Wangkang,Penaeus Chinensis,FLP,Binatang Berkulit Keras
Udang Wangkang - Penaeus Orientalis,Udang Wangkang,Penaeus Orientalis,,Binatang Berkulit Keras
Udang Windu - Panaeous Monodon,Udang Windu,Panaeous Monodon,,Binatang Berkulit Keras
Udang Windu - Penaeus Monodon,Udang Windu,Penaeus Monodon,GIT,Binatang Berkulit Keras
Udang Windu Coklat - Penaeus Esculentus,Udang Windu Coklat,Penaeus Esculentus,PRB,Binatang Berkulit Keras
